{"stats":{"minecraft:broken":{"minecraft:wooden_axe":1,"minecraft:wooden_hoe":1},"minecraft:mined":{"minecraft:red_bed":3,"minecraft:melon_stem":1,"minecraft:smoker":1,"minecraft:brewing_stand":3,"minecraft:crafting_table":6,"minecraft:torch":1,"minecraft:short_grass":13,"minecraft:acacia_log":10,"minecraft:blast_furnace":3,"minecraft:grass_block":1,"minecraft:melon":9,"minecraft:lectern":1,"minecraft:tall_grass":2,"minecraft:deepslate_gold_ore":4,"minecraft:composter":2,"minecraft:orange_carpet":1,"minecraft:hay_block":57,"minecraft:iron_ore":37,"minecraft:wheat":50,"minecraft:andesite":1,"minecraft:deepslate_lapis_ore":3,"minecraft:smooth_stone_slab":2,"minecraft:bookshelf":8,"minecraft:oak_log":5,"minecraft:coal_ore":84,"minecraft:deepslate_iron_ore":6,"minecraft:stone":36,"minecraft:oak_leaves":1,"minecraft:deepslate":2,"minecraft:orange_bed":7},"minecraft:custom":{"minecraft:mob_kills":12,"minecraft:interact_with_crafting_table":8,"minecraft:leave_game":2,"minecraft:time_since_death":39403,"minecraft:sleep_in_bed":1,"minecraft:time_since_rest":29154,"minecraft:sprint_one_cm":78869,"minecraft:damage_taken":420,"minecraft:walk_one_cm":83103,"minecraft:damage_blocked_by_shield":686,"minecraft:drop":13,"minecraft:damage_dealt":3100,"minecraft:swim_one_cm":1830,"minecraft:talked_to_villager":3,"minecraft:fly_one_cm":110240,"minecraft:open_chest":7,"minecraft:crouch_one_cm":7959,"minecraft:play_time":39403,"minecraft:sneak_time":3502,"minecraft:walk_under_water_one_cm":4052,"minecraft:jump":690,"minecraft:interact_with_blast_furnace":2,"minecraft:walk_on_water_one_cm":9213,"minecraft:total_world_time":39403,"minecraft:fall_one_cm":21589},"minecraft:used":{"minecraft:acacia_log":2,"minecraft:stone_pickaxe":9,"minecraft:shield":13,"minecraft:wooden_pickaxe":3,"minecraft:orange_bed":1,"minecraft:torch":56,"minecraft:dirt":1,"minecraft:crafting_table":6,"minecraft:blast_furnace":1,"minecraft:wooden_axe":43,"minecraft:wooden_hoe":70,"minecraft:iron_axe":23,"minecraft:bread":8,"minecraft:iron_pickaxe":172,"minecraft:cobblestone":6,"minecraft:hay_block":5,"minecraft:porkchop":2},"minecraft:dropped":{"minecraft:wheat_seeds":140,"minecraft:orange_carpet":3,"minecraft:melon_seeds":1,"minecraft:armadillo_scute":1,"minecraft:arrow":2,"minecraft:bow":1,"minecraft:stone_pickaxe":1,"minecraft:wooden_pickaxe":1},"minecraft:crafted":{"minecraft:oak_planks":20,"minecraft:crafting_table":1,"minecraft:wooden_pickaxe":1,"minecraft:air":0,"minecraft:wooden_hoe":1,"minecraft:shield":1,"minecraft:iron_axe":1,"minecraft:stick":28,"minecraft:iron_ingot":2,"minecraft:stone_pickaxe":1,"minecraft:iron_pickaxe":1,"minecraft:wooden_axe":1,"minecraft:acacia_planks":32,"minecraft:torch":56},"minecraft:picked_up":{"minecraft:crafting_table":6,"minecraft:wheat":45,"minecraft:orange_carpet":3,"minecraft:smoker":1,"minecraft:oak_log":5,"minecraft:brewing_stand":3,"minecraft:dirt":1,"minecraft:red_bed":3,"minecraft:bone":3,"minecraft:bow":1,"minecraft:wheat_seeds":200,"minecraft:raw_gold":4,"minecraft:iron_ingot":5,"minecraft:stone_pickaxe":1,"minecraft:lectern":1,"minecraft:melon_slice":46,"minecraft:book":24,"minecraft:raw_iron":55,"minecraft:composter":2,"minecraft:torch":1,"minecraft:acacia_log":10,"minecraft:porkchop":2,"minecraft:blast_furnace":3,"minecraft:orange_bed":7,"minecraft:arrow":2,"minecraft:hay_block":57,"minecraft:armadillo_scute":1,"minecraft:melon_seeds":1,"minecraft:mutton":3,"minecraft:coal":141,"minecraft:white_wool":2,"minecraft:cobblestone":36},"minecraft:killed":{"minecraft:pig":1,"minecraft:iron_golem":1,"minecraft:sheep":2,"minecraft:skeleton":7,"minecraft:zombie":1}},"DataVersion":3953}