{"stats":{"minecraft:broken":{"minecraft:iron_axe":1,"minecraft:iron_pickaxe":2,"minecraft:wooden_axe":1,"minecraft:wooden_hoe":1},"minecraft:mined":{"minecraft:tuff":5,"minecraft:deepslate_diamond_ore":20,"minecraft:brewing_stand":3,"minecraft:granite":3,"minecraft:acacia_log":17,"minecraft:grass_block":3,"minecraft:composter":2,"minecraft:spawner":2,"minecraft:hay_block":61,"minecraft:iron_ore":50,"minecraft:andesite":2,"minecraft:deepslate_lapis_ore":3,"minecraft:bookshelf":8,"minecraft:deepslate_iron_ore":53,"minecraft:stone":66,"minecraft:orange_bed":9,"minecraft:red_bed":4,"minecraft:melon_stem":1,"minecraft:smoker":1,"minecraft:amethyst_cluster":6,"minecraft:crafting_table":10,"minecraft:torch":1,"minecraft:short_grass":25,"minecraft:blast_furnace":8,"minecraft:calcite":7,"minecraft:melon":9,"minecraft:lectern":1,"minecraft:tall_grass":6,"minecraft:cobblestone":3,"minecraft:deepslate_gold_ore":46,"minecraft:oak_planks":5,"minecraft:wall_torch":1,"minecraft:orange_carpet":1,"minecraft:amethyst_block":7,"minecraft:wheat":50,"minecraft:warped_fungus":1,"minecraft:smooth_stone_slab":2,"minecraft:coal_ore":84,"minecraft:oak_log":16,"minecraft:smooth_basalt":6,"minecraft:netherrack":100,"minecraft:oak_leaves":1,"minecraft:deepslate":34},"minecraft:used":{"minecraft:acacia_log":2,"minecraft:chest":1,"minecraft:shield":32,"minecraft:netherrack":83,"minecraft:orange_bed":3,"minecraft:torch":193,"minecraft:dirt":2,"minecraft:granite":3,"minecraft:wooden_axe":43,"minecraft:lava_bucket":11,"minecraft:iron_axe":154,"minecraft:hay_block":10,"minecraft:acacia_planks":26,"minecraft:cobbled_deepslate":12,"minecraft:calcite":7,"minecraft:water_bucket":1,"minecraft:amethyst_block":5,"minecraft:stone_pickaxe":9,"minecraft:wooden_pickaxe":3,"minecraft:crafting_table":11,"minecraft:red_bed":1,"minecraft:blast_furnace":6,"minecraft:wooden_hoe":70,"minecraft:bread":57,"minecraft:iron_pickaxe":503,"minecraft:gravel":1,"minecraft:cobblestone":56,"minecraft:porkchop":2,"minecraft:bucket":13,"minecraft:andesite":1},"minecraft:custom":{"minecraft:mob_kills":52,"minecraft:interact_with_crafting_table":27,"minecraft:leave_game":3,"minecraft:time_since_death":125003,"minecraft:climb_one_cm":960,"minecraft:sprint_one_cm":342575,"minecraft:walk_one_cm":247462,"minecraft:damage_blocked_by_shield":1740,"minecraft:drop":49,"minecraft:talked_to_villager":4,"minecraft:play_time":125003,"minecraft:sneak_time":8092,"minecraft:walk_under_water_one_cm":7372,"minecraft:jump":2968,"minecraft:interact_with_blast_furnace":21,"minecraft:walk_on_water_one_cm":30591,"minecraft:total_world_time":125003,"minecraft:sleep_in_bed":3,"minecraft:time_since_rest":15694,"minecraft:damage_taken":2384,"minecraft:damage_dealt":11488,"minecraft:swim_one_cm":7417,"minecraft:fly_one_cm":435763,"minecraft:open_chest":13,"minecraft:crouch_one_cm":24919,"minecraft:fall_one_cm":74113},"minecraft:crafted":{"minecraft:oak_planks":64,"minecraft:iron_boots":1,"minecraft:iron_axe":2,"minecraft:stone_pickaxe":1,"minecraft:chest":1,"minecraft:golden_helmet":2,"minecraft:wheat":128,"minecraft:crafting_table":3,"minecraft:wooden_pickaxe":1,"minecraft:bucket":2,"minecraft:bread":60,"minecraft:air":0,"minecraft:iron_chestplate":1,"minecraft:wooden_hoe":1,"minecraft:shield":1,"minecraft:stick":68,"minecraft:iron_ingot":37,"minecraft:iron_pickaxe":3,"minecraft:wooden_axe":1,"minecraft:gold_ingot":10,"minecraft:acacia_planks":60,"minecraft:torch":192},"minecraft:dropped":{"minecraft:iron_ingot":1,"minecraft:wheat_seeds":147,"minecraft:golden_helmet":1,"minecraft:crafting_table":1,"minecraft:cobblestone":4,"minecraft:dirt":1,"minecraft:orange_carpet":3,"minecraft:mutton":3,"minecraft:armadillo_scute":1,"minecraft:sugar":1,"minecraft:orange_bed":2,"minecraft:white_wool":2,"minecraft:bucket":1,"minecraft:acacia_planks":2,"minecraft:redstone":8,"minecraft:gravel":1,"minecraft:cobbled_deepslate":1,"minecraft:tuff":2,"minecraft:wheat":4,"minecraft:composter":1,"minecraft:rotten_flesh":2,"minecraft:hay_block":73,"minecraft:melon_seeds":1,"minecraft:spider_eye":2,"minecraft:arrow":5,"minecraft:bow":1,"minecraft:stone_pickaxe":4,"minecraft:wooden_pickaxe":1},"minecraft:picked_up":{"minecraft:crafting_table":10,"minecraft:wheat":56,"minecraft:brewing_stand":3,"minecraft:amethyst_block":5,"minecraft:red_bed":4,"minecraft:cobbled_deepslate":13,"minecraft:calcite":7,"minecraft:lectern":1,"minecraft:melon_slice":46,"minecraft:raw_iron":169,"minecraft:composter":3,"minecraft:torch":2,"minecraft:acacia_log":17,"minecraft:porkchop":8,"minecraft:redstone":8,"minecraft:orange_bed":9,"minecraft:arrow":15,"minecraft:rotten_flesh":2,"minecraft:hay_block":98,"minecraft:armadillo_scute":1,"minecraft:gold_ingot":1,"minecraft:mutton":3,"minecraft:cobblestone":63,"minecraft:white_wool":2,"minecraft:andesite":1,"minecraft:orange_carpet":3,"minecraft:leather":3,"minecraft:smoker":1,"minecraft:tuff":2,"minecraft:oak_log":16,"minecraft:gunpowder":8,"minecraft:dirt":3,"minecraft:bone":16,"minecraft:bow":1,"minecraft:wheat_seeds":207,"minecraft:raw_gold":79,"minecraft:stone_pickaxe":3,"minecraft:iron_ingot":10,"minecraft:oak_planks":4,"minecraft:book":24,"minecraft:warped_fungus":1,"minecraft:gravel":2,"minecraft:amethyst_shard":24,"minecraft:blast_furnace":8,"minecraft:spider_eye":4,"minecraft:sugar":1,"minecraft:diamond":20,"minecraft:granite":3,"minecraft:netherrack":98,"minecraft:coal":210,"minecraft:melon_seeds":1},"minecraft:killed":{"minecraft:armadillo":1,"minecraft:witch":1,"minecraft:skeleton":20,"minecraft:pig":1,"minecraft:iron_golem":2,"minecraft:hoglin":2,"minecraft:creeper":1,"minecraft:sheep":2,"minecraft:zombie":10,"minecraft:villager":7,"minecraft:enderman":1,"minecraft:cow":4}},"DataVersion":3953}