{"stats":{"minecraft:crafted":{"minecraft:oak_planks":84,"minecraft:fishing_rod":1,"minecraft:furnace":1,"minecraft:mushroom_stew":3,"minecraft:bow":1,"minecraft:iron_boots":1,"minecraft:iron_axe":3,"minecraft:stone_pickaxe":2,"minecraft:chest":2,"minecraft:golden_helmet":2,"minecraft:wheat":128,"minecraft:crimson_planks":48,"minecraft:cooked_porkchop":22,"minecraft:crafting_table":5,"minecraft:wooden_pickaxe":2,"minecraft:bowl":4,"minecraft:bucket":2,"minecraft:stone_axe":1,"minecraft:air":0,"minecraft:bread":60,"minecraft:iron_chestplate":1,"minecraft:wooden_hoe":1,"minecraft:shield":2,"minecraft:warped_fungus_on_a_stick":1,"minecraft:stick":92,"minecraft:iron_ingot":39,"minecraft:iron_pickaxe":6,"minecraft:wooden_axe":2,"minecraft:iron_shovel":1,"minecraft:gold_ingot":43,"minecraft:white_bed":1,"minecraft:acacia_planks":128,"minecraft:torch":192},"minecraft:picked_up":{"minecraft:iron_chestplate":1,"minecraft:crafting_table":24,"minecraft:wheat":56,"minecraft:brown_mushroom":29,"minecraft:potion":1,"minecraft:nether_brick":22,"minecraft:crimson_planks":24,"minecraft:brewing_stand":3,"minecraft:shield":2,"minecraft:amethyst_block":5,"minecraft:string":4,"minecraft:red_bed":4,"minecraft:iron_axe":2,"minecraft:iron_shovel":1,"minecraft:blackstone":46,"minecraft:gold_nugget":299,"minecraft:cobbled_deepslate":13,"minecraft:beef":18,"minecraft:calcite":7,"minecraft:iron_nugget":21,"minecraft:iron_pickaxe":2,"minecraft:lectern":1,"minecraft:melon_slice":46,"minecraft:iron_boots":3,"minecraft:furnace":1,"minecraft:golden_helmet":2,"minecraft:stick":2,"minecraft:raw_iron":169,"minecraft:composter":3,"minecraft:torch":3,"minecraft:acacia_log":36,"minecraft:fire_charge":3,"minecraft:porkchop":55,"minecraft:polished_blackstone_bricks":35,"minecraft:redstone":8,"minecraft:orange_bed":9,"minecraft:arrow":18,"minecraft:weeping_vines":3,"minecraft:rotten_flesh":2,"minecraft:hay_block":98,"minecraft:armadillo_scute":1,"minecraft:gold_ingot":42,"minecraft:obsidian":2,"minecraft:mutton":9,"minecraft:bone_block":83,"minecraft:white_wool":7,"minecraft:cobblestone":69,"minecraft:golden_leggings":1,"minecraft:basalt":1,"minecraft:warped_fungus_on_a_stick":2,"minecraft:crimson_stem":12,"minecraft:water_bucket":2,"minecraft:andesite":1,"minecraft:orange_carpet":3,"minecraft:leather":29,"minecraft:smoker":1,"minecraft:red_mushroom":18,"minecraft:tuff":2,"minecraft:oak_log":21,"minecraft:gunpowder":8,"minecraft:dirt":3,"minecraft:bone":20,"minecraft:acacia_planks":4,"minecraft:bow":1,"minecraft:wheat_seeds":207,"minecraft:raw_gold":79,"minecraft:iron_ingot":22,"minecraft:stone_pickaxe":3,"minecraft:glass_bottle":1,"minecraft:oak_planks":36,"minecraft:soul_sand":28,"minecraft:book":24,"minecraft:warped_fungus":3,"minecraft:cooked_porkchop":34,"minecraft:quartz":29,"minecraft:gravel":14,"minecraft:amethyst_shard":24,"minecraft:blast_furnace":8,"minecraft:white_bed":1,"minecraft:crying_obsidian":4,"minecraft:spectral_arrow":63,"minecraft:spider_eye":4,"minecraft:sugar":1,"minecraft:diamond":20,"minecraft:granite":3,"minecraft:bread":18,"minecraft:netherrack":697,"minecraft:melon_seeds":1,"minecraft:coal":226,"minecraft:crimson_roots":3,"minecraft:ender_pearl":8},"minecraft:custom":{"minecraft:mob_kills":98,"minecraft:interact_with_crafting_table":50,"minecraft:leave_game":10,"minecraft:time_since_death":14736,"minecraft:climb_one_cm":1125,"minecraft:sprint_one_cm":599398,"minecraft:walk_one_cm":502934,"minecraft:damage_blocked_by_shield":2600,"minecraft:drop":103,"minecraft:talked_to_villager":4,"minecraft:play_time":242123,"minecraft:deaths":3,"minecraft:sneak_time":26251,"minecraft:walk_under_water_one_cm":8088,"minecraft:jump":6074,"minecraft:interact_with_blast_furnace":21,"minecraft:walk_on_water_one_cm":31741,"minecraft:total_world_time":242123,"minecraft:interact_with_furnace":11,"minecraft:sleep_in_bed":4,"minecraft:time_since_rest":14793,"minecraft:damage_taken":5228,"minecraft:damage_dealt":21451,"minecraft:swim_one_cm":7874,"minecraft:fly_one_cm":923202,"minecraft:open_chest":39,"minecraft:crouch_one_cm":89995,"minecraft:fall_one_cm":167472},"minecraft:broken":{"minecraft:iron_axe":1,"minecraft:iron_pickaxe":4,"minecraft:golden_pickaxe":1,"minecraft:wooden_axe":1,"minecraft:wooden_hoe":1},"minecraft:mined":{"minecraft:nether_gold_ore":72,"minecraft:tuff":5,"minecraft:white_bed":1,"minecraft:deepslate_diamond_ore":20,"minecraft:brewing_stand":3,"minecraft:granite":3,"minecraft:acacia_log":36,"minecraft:grass_block":3,"minecraft:crimson_roots":2,"minecraft:cracked_polished_blackstone_bricks":2,"minecraft:composter":2,"minecraft:red_mushroom":19,"minecraft:spawner":2,"minecraft:crimson_stem":12,"minecraft:hay_block":61,"minecraft:polished_blackstone_bricks":25,"minecraft:weeping_vines_plant":1,"minecraft:magma_block":4,"minecraft:furnace":1,"minecraft:iron_ore":50,"minecraft:fire":15,"minecraft:andesite":2,"minecraft:deepslate_lapis_ore":3,"minecraft:bookshelf":8,"minecraft:deepslate_iron_ore":53,"minecraft:stone":72,"minecraft:bone_block":84,"minecraft:orange_bed":9,"minecraft:brown_mushroom":32,"minecraft:soul_sand":69,"minecraft:red_bed":4,"minecraft:blackstone":3,"minecraft:crimson_nylium":15,"minecraft:melon_stem":1,"minecraft:smoker":1,"minecraft:soul_fire":2,"minecraft:amethyst_cluster":6,"minecraft:basalt":1,"minecraft:crafting_table":22,"minecraft:torch":1,"minecraft:short_grass":37,"minecraft:blast_furnace":8,"minecraft:calcite":7,"minecraft:melon":9,"minecraft:lectern":1,"minecraft:nether_quartz_ore":8,"minecraft:tall_grass":6,"minecraft:cobblestone":3,"minecraft:deepslate_gold_ore":46,"minecraft:oak_planks":5,"minecraft:wall_torch":1,"minecraft:amethyst_block":7,"minecraft:orange_carpet":1,"minecraft:wheat":50,"minecraft:warped_fungus":2,"minecraft:smooth_stone_slab":2,"minecraft:coal_ore":84,"minecraft:oak_log":22,"minecraft:smooth_basalt":6,"minecraft:acacia_planks":4,"minecraft:netherrack":637,"minecraft:oak_leaves":1,"minecraft:deepslate":34},"minecraft:killed":{"minecraft:armadillo":1,"minecraft:witch":1,"minecraft:skeleton":24,"minecraft:piglin_brute":3,"minecraft:magma_cube":2,"minecraft:piglin":13,"minecraft:pig":1,"minecraft:iron_golem":2,"minecraft:hoglin":12,"minecraft:creeper":1,"minecraft:sheep":7,"minecraft:zombie":10,"minecraft:villager":7,"minecraft:enderman":1,"minecraft:cow":12},"minecraft:used":{"minecraft:iron_shovel":69,"minecraft:acacia_log":2,"minecraft:chest":2,"minecraft:shield":64,"minecraft:netherrack":552,"minecraft:orange_bed":3,"minecraft:torch":193,"minecraft:dirt":2,"minecraft:granite":3,"minecraft:obsidian":2,"minecraft:wooden_axe":71,"minecraft:lava_bucket":11,"minecraft:iron_axe":293,"minecraft:crimson_planks":22,"minecraft:beef":13,"minecraft:hay_block":10,"minecraft:furnace":2,"minecraft:cobbled_deepslate":12,"minecraft:acacia_planks":77,"minecraft:calcite":7,"minecraft:amethyst_block":5,"minecraft:water_bucket":1,"minecraft:warped_fungus_on_a_stick":2,"minecraft:oak_planks":3,"minecraft:stone_pickaxe":10,"minecraft:blackstone":8,"minecraft:wooden_pickaxe":9,"minecraft:polished_blackstone_bricks":17,"minecraft:blast_furnace":6,"minecraft:crafting_table":25,"minecraft:red_bed":1,"minecraft:mushroom_stew":3,"minecraft:white_bed":1,"minecraft:wooden_hoe":70,"minecraft:bread":83,"minecraft:iron_pickaxe":1223,"minecraft:gravel":1,"minecraft:stone_axe":25,"minecraft:cobblestone":56,"minecraft:potion":1,"minecraft:porkchop":14,"minecraft:cooked_porkchop":8,"minecraft:andesite":1,"minecraft:bucket":13,"minecraft:golden_pickaxe":32},"minecraft:dropped":{"minecraft:iron_ingot":1,"minecraft:soul_sand":5,"minecraft:wheat_seeds":147,"minecraft:golden_helmet":1,"minecraft:warped_fungus":1,"minecraft:glass_bottle":2,"minecraft:crafting_table":1,"minecraft:warped_fungus_on_a_stick":1,"minecraft:cobblestone":4,"minecraft:acacia_log":2,"minecraft:flint":1,"minecraft:dirt":1,"minecraft:orange_carpet":3,"minecraft:torch":1,"minecraft:mutton":3,"minecraft:crimson_roots":3,"minecraft:fire_charge":1,"minecraft:gold_nugget":2,"minecraft:armadillo_scute":1,"minecraft:sugar":1,"minecraft:iron_pickaxe":1,"minecraft:orange_bed":2,"minecraft:string":1,"minecraft:white_wool":2,"minecraft:bucket":1,"minecraft:acacia_planks":2,"minecraft:redstone":8,"minecraft:gold_ingot":74,"minecraft:gravel":1,"minecraft:cobbled_deepslate":1,"minecraft:nether_brick":11,"minecraft:tuff":2,"minecraft:wheat":4,"minecraft:composter":1,"minecraft:rotten_flesh":2,"minecraft:hay_block":73,"minecraft:melon_seeds":1,"minecraft:spider_eye":2,"minecraft:arrow":5,"minecraft:bow":1,"minecraft:stone_pickaxe":4,"minecraft:wooden_pickaxe":1},"minecraft:killed_by":{"minecraft:piglin_brute":1}},"DataVersion":3953}