{"stats":{"minecraft:broken":{"minecraft:golden_helmet":1,"minecraft:golden_leggings":1,"minecraft:wooden_axe":1,"minecraft:iron_axe":3,"minecraft:iron_pickaxe":4,"minecraft:golden_pickaxe":1,"minecraft:wooden_hoe":1},"minecraft:mined":{"minecraft:white_bed":7,"minecraft:farmland":1,"minecraft:brewing_stand":3,"minecraft:obsidian":10,"minecraft:granite":8,"minecraft:acacia_log":46,"minecraft:grass_block":320,"minecraft:jungle_log":1,"minecraft:cracked_polished_blackstone_bricks":19,"minecraft:composter":3,"minecraft:nether_wart":22,"minecraft:spawner":2,"minecraft:polished_blackstone_bricks":122,"minecraft:weeping_vines_plant":1,"minecraft:magma_block":4,"minecraft:iron_ore":50,"minecraft:fire":30,"minecraft:fletching_table":1,"minecraft:deepslate_lapis_ore":3,"minecraft:azure_bluet":1,"minecraft:dirt_path":21,"minecraft:orange_bed":21,"minecraft:brown_mushroom":32,"minecraft:red_bed":5,"minecraft:blackstone":8,"minecraft:melon_stem":1,"minecraft:smoker":1,"minecraft:crimson_nylium":25,"minecraft:soul_fire":2,"minecraft:amethyst_cluster":6,"minecraft:torch":1,"minecraft:blast_furnace":9,"minecraft:calcite":7,"minecraft:melon":9,"minecraft:nether_quartz_ore":8,"minecraft:cobblestone":5,"minecraft:oak_planks":44,"minecraft:wall_torch":4,"minecraft:amethyst_block":7,"minecraft:yellow_wool":1,"minecraft:wheat":50,"minecraft:warped_fungus":2,"minecraft:smooth_stone_slab":2,"minecraft:oak_log":45,"minecraft:sand":668,"minecraft:dirt":235,"minecraft:smooth_basalt":6,"minecraft:netherrack":1242,"minecraft:ancient_debris":1,"minecraft:oak_leaves":4,"minecraft:deepslate":72,"minecraft:nether_gold_ore":80,"minecraft:tuff":16,"minecraft:deepslate_diamond_ore":41,"minecraft:blackstone_wall":1,"minecraft:oak_door":4,"minecraft:nether_bricks":28,"minecraft:crimson_roots":2,"minecraft:red_mushroom":19,"minecraft:crimson_stem":14,"minecraft:hay_block":61,"minecraft:furnace":2,"minecraft:andesite":3,"minecraft:gold_block":5,"minecraft:nether_brick_fence":16,"minecraft:bookshelf":8,"minecraft:deepslate_iron_ore":53,"minecraft:lantern":1,"minecraft:stripped_oak_log":16,"minecraft:bamboo":1,"minecraft:stone":220,"minecraft:bone_block":96,"minecraft:white_wool":1,"minecraft:smithing_table":1,"minecraft:soul_sand":99,"minecraft:basalt":6,"minecraft:crafting_table":23,"minecraft:short_grass":77,"minecraft:lectern":1,"minecraft:tall_grass":7,"minecraft:copper_ore":2,"minecraft:deepslate_gold_ore":46,"minecraft:diorite":9,"minecraft:orange_carpet":1,"minecraft:yellow_bed":2,"minecraft:coal_ore":165,"minecraft:gravel":21,"minecraft:acacia_planks":4,"minecraft:fern":2},"minecraft:killed_by":{"minecraft:zombified_piglin":1,"minecraft:piglin_brute":1,"minecraft:zombie":1,"minecraft:skeleton":1},"minecraft:custom":{"minecraft:interact_with_crafting_table":73,"minecraft:leave_game":13,"minecraft:time_since_death":106282,"minecraft:sprint_one_cm":1023981,"minecraft:damage_blocked_by_shield":3262,"minecraft:drop":213,"minecraft:talked_to_villager":4,"minecraft:play_time":510281,"minecraft:deaths":7,"minecraft:jump":10889,"minecraft:walk_on_water_one_cm":48188,"minecraft:interact_with_furnace":109,"minecraft:sleep_in_bed":18,"minecraft:damage_dealt":36803,"minecraft:crouch_one_cm":146422,"minecraft:horse_one_cm":914381,"minecraft:interact_with_anvil":1,"minecraft:mob_kills":215,"minecraft:climb_one_cm":2098,"minecraft:walk_one_cm":1261296,"minecraft:sneak_time":44680,"minecraft:walk_under_water_one_cm":16345,"minecraft:interact_with_blast_furnace":35,"minecraft:total_world_time":510281,"minecraft:time_since_rest":21713,"minecraft:damage_taken":11090,"minecraft:swim_one_cm":16974,"minecraft:fly_one_cm":1644371,"minecraft:open_chest":137,"minecraft:fall_one_cm":306381},"minecraft:used":{"minecraft:iron_shovel":69,"minecraft:poppy":2,"minecraft:diamond_hoe":358,"minecraft:bone_block":8,"minecraft:chest":4,"minecraft:shield":84,"minecraft:rotten_flesh":9,"minecraft:soul_sand":14,"minecraft:tuff":4,"minecraft:obsidian":12,"minecraft:glass":66,"minecraft:lava_bucket":11,"minecraft:bow":124,"minecraft:hay_block":10,"minecraft:furnace":11,"minecraft:potato":6,"minecraft:warped_fungus_on_a_stick":2,"minecraft:oak_planks":29,"minecraft:stone_pickaxe":10,"minecraft:ender_pearl":1,"minecraft:blackstone":8,"minecraft:wooden_pickaxe":9,"minecraft:composter":8,"minecraft:diamond_axe":77,"minecraft:sand":29,"minecraft:mushroom_stew":3,"minecraft:blast_furnace":7,"minecraft:bread":83,"minecraft:gravel":4,"minecraft:andesite":1,"minecraft:golden_pickaxe":32,"minecraft:oak_trapdoor":4,"minecraft:acacia_log":2,"minecraft:netherrack":769,"minecraft:orange_bed":16,"minecraft:torch":198,"minecraft:anvil":1,"minecraft:dirt":149,"minecraft:ancient_debris":1,"minecraft:granite":7,"minecraft:wooden_axe":71,"minecraft:iron_axe":539,"minecraft:crimson_planks":28,"minecraft:bamboo":8,"minecraft:basalt":5,"minecraft:golden_carrot":6,"minecraft:beef":13,"minecraft:cooked_beef":9,"minecraft:cobbled_deepslate":15,"minecraft:acacia_planks":77,"minecraft:calcite":7,"minecraft:cooked_mutton":2,"minecraft:water_bucket":16,"minecraft:amethyst_block":5,"minecraft:polished_blackstone_bricks":17,"minecraft:crafting_table":29,"minecraft:red_bed":2,"minecraft:white_bed":10,"minecraft:wooden_hoe":70,"minecraft:diamond_pickaxe":1142,"minecraft:diamond_shovel":1280,"minecraft:chicken":4,"minecraft:iron_pickaxe":1236,"minecraft:stone_axe":25,"minecraft:cobblestone":130,"minecraft:potion":1,"minecraft:porkchop":21,"minecraft:cooked_porkchop":49,"minecraft:bucket":28,"minecraft:yellow_bed":2},"minecraft:crafted":{"minecraft:oak_planks":228,"minecraft:diamond_shovel":2,"minecraft:cooked_mutton":2,"minecraft:glass":512,"minecraft:bow":1,"minecraft:iron_boots":1,"minecraft:chest":3,"minecraft:oak_slab":126,"minecraft:cooked_porkchop":45,"minecraft:diamond_axe":1,"minecraft:crafting_table":9,"minecraft:wooden_pickaxe":2,"minecraft:gold_block":2,"minecraft:iron_chestplate":1,"minecraft:wooden_hoe":1,"minecraft:golden_leggings":1,"minecraft:shield":2,"minecraft:stick":120,"minecraft:iron_ingot":77,"minecraft:iron_pickaxe":6,"minecraft:iron_block":4,"minecraft:gold_ingot":123,"minecraft:composter":18,"minecraft:fishing_rod":1,"minecraft:diamond_hoe":1,"minecraft:furnace":10,"minecraft:mushroom_stew":3,"minecraft:oak_trapdoor":10,"minecraft:iron_axe":3,"minecraft:stone_pickaxe":2,"minecraft:golden_helmet":2,"minecraft:wheat":128,"minecraft:cooked_beef":8,"minecraft:crimson_planks":48,"minecraft:bowl":4,"minecraft:bucket":2,"minecraft:stone_axe":1,"minecraft:air":0,"minecraft:bread":60,"minecraft:gold_nugget":36,"minecraft:warped_fungus_on_a_stick":1,"minecraft:wooden_axe":2,"minecraft:iron_shovel":1,"minecraft:anvil":1,"minecraft:white_bed":4,"minecraft:acacia_planks":164,"minecraft:torch":248},"minecraft:dropped":{"minecraft:crimson_stem":2,"minecraft:porkchop":16,"minecraft:soul_sand":14,"minecraft:brown_mushroom":1,"minecraft:warped_fungus":1,"minecraft:glass_bottle":2,"minecraft:diamond":23,"minecraft:crafting_table":1,"minecraft:cooked_porkchop":1,"minecraft:warped_fungus_on_a_stick":2,"minecraft:lantern":1,"minecraft:saddle":2,"minecraft:flint":1,"minecraft:dirt":70,"minecraft:red_bed":3,"minecraft:orange_carpet":3,"minecraft:mutton":3,"minecraft:crimson_roots":3,"minecraft:gold_nugget":25,"minecraft:sand":3,"minecraft:sugar":1,"minecraft:iron_pickaxe":1,"minecraft:white_wool":3,"minecraft:gold_ingot":75,"minecraft:bone":8,"minecraft:gravel":1,"minecraft:ancient_debris":2,"minecraft:iron_nugget":4,"minecraft:cobbled_deepslate":28,"minecraft:nether_brick":11,"minecraft:wheat":4,"minecraft:yellow_wool":1,"minecraft:rotten_flesh":11,"minecraft:oak_planks":11,"minecraft:diamond_shovel":1,"minecraft:cooked_mutton":1,"minecraft:nether_brick_fence":32,"minecraft:melon_seeds":1,"minecraft:arrow":5,"minecraft:beef":10,"minecraft:ghast_tear":2,"minecraft:netherrack":641,"minecraft:crimson_planks":1,"minecraft:water_bucket":1,"minecraft:iron_ingot":41,"minecraft:wheat_seeds":155,"minecraft:golden_helmet":1,"minecraft:cobblestone":16,"minecraft:granite":1,"minecraft:acacia_log":2,"minecraft:coal":31,"minecraft:stick":13,"minecraft:diorite":17,"minecraft:torch":5,"minecraft:blackstone_wall":1,"minecraft:fire_charge":1,"minecraft:golden_hoe":2,"minecraft:armadillo_scute":1,"minecraft:iron_axe":4,"minecraft:orange_bed":6,"minecraft:string":1,"minecraft:bucket":1,"minecraft:acacia_planks":55,"minecraft:redstone":8,"minecraft:furnace":1,"minecraft:raw_copper":20,"minecraft:tuff":2,"minecraft:composter":1,"minecraft:nether_bricks":21,"minecraft:hay_block":73,"minecraft:golden_leggings":1,"minecraft:spider_eye":2,"minecraft:bamboo":8,"minecraft:bow":1,"minecraft:stone_pickaxe":4,"minecraft:wooden_pickaxe":1},"minecraft:picked_up":{"minecraft:iron_chestplate":4,"minecraft:wheat":56,"minecraft:nether_brick_fence":48,"minecraft:yellow_wool":1,"minecraft:smithing_table":1,"minecraft:potion":1,"minecraft:nether_brick":22,"minecraft:crimson_planks":37,"minecraft:brewing_stand":3,"minecraft:golden_sword":1,"minecraft:amethyst_block":5,"minecraft:string":70,"minecraft:raw_copper":20,"minecraft:gold_nugget":588,"minecraft:cobbled_deepslate":46,"minecraft:bucket":3,"minecraft:calcite":7,"minecraft:netherite_upgrade_smithing_template":8,"minecraft:iron_pickaxe":2,"minecraft:melon_slice":46,"minecraft:furnace":2,"minecraft:iron_boots":7,"minecraft:golden_helmet":3,"minecraft:stick":9,"minecraft:composter":4,"minecraft:torch":10,"minecraft:acacia_log":45,"minecraft:porkchop":94,"minecraft:diorite":17,"minecraft:orange_bed":24,"minecraft:rotten_flesh":36,"minecraft:blackstone_wall":2,"minecraft:iron_block":2,"minecraft:armadillo_scute":1,"minecraft:blaze_rod":36,"minecraft:obsidian":12,"minecraft:cobblestone":447,"minecraft:cooked_beef":1,"minecraft:warped_fungus_on_a_stick":3,"minecraft:water_bucket":4,"minecraft:andesite":2,"minecraft:orange_carpet":3,"minecraft:golden_leggings":2,"minecraft:smoker":1,"minecraft:tuff":6,"minecraft:wither_skeleton_skull":4,"minecraft:dirt":551,"minecraft:lantern":5,"minecraft:bone":32,"minecraft:acacia_planks":57,"minecraft:bow":5,"minecraft:wheat_seeds":220,"minecraft:raw_gold":79,"minecraft:fletching_table":1,"minecraft:bamboo":40,"minecraft:oak_planks":198,"minecraft:ghast_tear":2,"minecraft:cooked_porkchop":54,"minecraft:sand":656,"minecraft:spectral_arrow":63,"minecraft:sugar":1,"minecraft:diamond":119,"minecraft:cracked_polished_blackstone_bricks":17,"minecraft:granite":8,"minecraft:golden_apple":8,"minecraft:golden_horse_armor":3,"minecraft:bread":18,"minecraft:oak_sapling":1,"minecraft:piglin_banner_pattern":4,"minecraft:netherrack":1698,"minecraft:crimson_roots":3,"minecraft:diamond_pickaxe":4,"minecraft:crafting_table":26,"minecraft:nether_wart":120,"minecraft:brown_mushroom":108,"minecraft:gold_block":33,"minecraft:shield":6,"minecraft:red_bed":7,"minecraft:iron_axe":8,"minecraft:iron_shovel":1,"minecraft:blackstone":84,"minecraft:beef":64,"minecraft:iron_nugget":21,"minecraft:poppy":2,"minecraft:lectern":2,"minecraft:sugar_cane":10,"minecraft:chest":1,"minecraft:raw_iron":233,"minecraft:oak_door":4,"minecraft:fire_charge":3,"minecraft:polished_blackstone_bricks":130,"minecraft:redstone":8,"minecraft:arrow":109,"minecraft:weeping_vines":3,"minecraft:golden_hoe":2,"minecraft:nether_bricks":84,"minecraft:hay_block":98,"minecraft:saddle":16,"minecraft:gold_ingot":72,"minecraft:mutton":9,"minecraft:bone_block":364,"minecraft:white_wool":20,"minecraft:stripped_oak_log":16,"minecraft:basalt":7,"minecraft:crimson_stem":15,"minecraft:leather":174,"minecraft:red_mushroom":18,"minecraft:oak_log":41,"minecraft:ancient_debris":10,"minecraft:yellow_bed":2,"minecraft:gunpowder":9,"minecraft:cooked_mutton":1,"minecraft:iron_ingot":43,"minecraft:stone_pickaxe":3,"minecraft:glass_bottle":1,"minecraft:soul_sand":68,"minecraft:book":96,"minecraft:warped_fungus":3,"minecraft:quartz":29,"minecraft:gravel":17,"minecraft:amethyst_shard":96,"minecraft:blast_furnace":9,"minecraft:white_bed":7,"minecraft:crying_obsidian":4,"minecraft:spider_eye":4,"minecraft:diamond_shovel":6,"minecraft:slime_ball":36,"minecraft:rib_armor_trim_smithing_template":3,"minecraft:iron_helmet":3,"minecraft:melon_seeds":1,"minecraft:coal":355,"minecraft:ender_pearl":24},"minecraft:killed":{"minecraft:zombified_piglin":16,"minecraft:witch":1,"minecraft:skeleton":29,"minecraft:piglin_brute":10,"minecraft:magma_cube":2,"minecraft:piglin":28,"minecraft:pig":5,"minecraft:iron_golem":4,"minecraft:creeper":2,"minecraft:sheep":7,"minecraft:zombie":21,"minecraft:ghast":2,"minecraft:cow":28,"minecraft:blaze":18,"minecraft:armadillo":1,"minecraft:slime":10,"minecraft:husk":1,"minecraft:bat":1,"minecraft:hoglin":18,"minecraft:wither_skeleton":1,"minecraft:villager":7,"minecraft:enderman":1}},"DataVersion":3953}