{"stats":{"minecraft:broken":{"minecraft:iron_pickaxe":1,"minecraft:wooden_axe":1,"minecraft:wooden_hoe":1},"minecraft:mined":{"minecraft:tuff":5,"minecraft:red_bed":4,"minecraft:deepslate_diamond_ore":20,"minecraft:melon_stem":1,"minecraft:smoker":1,"minecraft:amethyst_cluster":6,"minecraft:brewing_stand":3,"minecraft:crafting_table":9,"minecraft:torch":1,"minecraft:granite":3,"minecraft:short_grass":24,"minecraft:blast_furnace":6,"minecraft:acacia_log":17,"minecraft:grass_block":3,"minecraft:calcite":7,"minecraft:melon":9,"minecraft:lectern":1,"minecraft:tall_grass":6,"minecraft:cobblestone":3,"minecraft:deepslate_gold_ore":46,"minecraft:oak_planks":5,"minecraft:composter":2,"minecraft:amethyst_block":7,"minecraft:wall_torch":1,"minecraft:orange_carpet":1,"minecraft:spawner":2,"minecraft:hay_block":61,"minecraft:iron_ore":50,"minecraft:wheat":50,"minecraft:andesite":2,"minecraft:deepslate_lapis_ore":3,"minecraft:smooth_stone_slab":2,"minecraft:bookshelf":8,"minecraft:oak_log":5,"minecraft:coal_ore":84,"minecraft:deepslate_iron_ore":53,"minecraft:smooth_basalt":6,"minecraft:stone":66,"minecraft:oak_leaves":1,"minecraft:deepslate":34,"minecraft:orange_bed":9},"minecraft:custom":{"minecraft:mob_kills":45,"minecraft:interact_with_crafting_table":19,"minecraft:leave_game":3,"minecraft:time_since_death":101003,"minecraft:sleep_in_bed":2,"minecraft:time_since_rest":5517,"minecraft:sprint_one_cm":295660,"minecraft:damage_taken":1896,"minecraft:walk_one_cm":210034,"minecraft:damage_blocked_by_shield":1670,"minecraft:drop":40,"minecraft:damage_dealt":10298,"minecraft:swim_one_cm":6588,"minecraft:fly_one_cm":334628,"minecraft:talked_to_villager":4,"minecraft:open_chest":9,"minecraft:play_time":101003,"minecraft:crouch_one_cm":16575,"minecraft:sneak_time":6572,"minecraft:walk_under_water_one_cm":5501,"minecraft:jump":2388,"minecraft:interact_with_blast_furnace":12,"minecraft:walk_on_water_one_cm":20758,"minecraft:total_world_time":101003,"minecraft:fall_one_cm":58309},"minecraft:used":{"minecraft:calcite":7,"minecraft:amethyst_block":5,"minecraft:acacia_log":2,"minecraft:stone_pickaxe":9,"minecraft:wooden_pickaxe":3,"minecraft:shield":30,"minecraft:orange_bed":2,"minecraft:torch":193,"minecraft:dirt":2,"minecraft:red_bed":1,"minecraft:crafting_table":9,"minecraft:blast_furnace":4,"minecraft:granite":3,"minecraft:wooden_axe":43,"minecraft:wooden_hoe":70,"minecraft:bread":47,"minecraft:iron_axe":127,"minecraft:iron_pickaxe":400,"minecraft:gravel":1,"minecraft:cobblestone":56,"minecraft:hay_block":10,"minecraft:porkchop":2,"minecraft:andesite":1,"minecraft:cobbled_deepslate":12},"minecraft:crafted":{"minecraft:oak_planks":20,"minecraft:crafting_table":2,"minecraft:wooden_pickaxe":1,"minecraft:bucket":2,"minecraft:bread":60,"minecraft:air":0,"minecraft:wooden_hoe":1,"minecraft:shield":1,"minecraft:iron_axe":1,"minecraft:stick":68,"minecraft:iron_ingot":37,"minecraft:stone_pickaxe":1,"minecraft:iron_pickaxe":2,"minecraft:wooden_axe":1,"minecraft:acacia_planks":32,"minecraft:torch":192,"minecraft:wheat":128},"minecraft:dropped":{"minecraft:gravel":1,"minecraft:wheat_seeds":141,"minecraft:cobbled_deepslate":1,"minecraft:crafting_table":1,"minecraft:tuff":2,"minecraft:wheat":4,"minecraft:composter":1,"minecraft:rotten_flesh":2,"minecraft:cobblestone":4,"minecraft:hay_block":73,"minecraft:orange_carpet":3,"minecraft:mutton":3,"minecraft:melon_seeds":1,"minecraft:spider_eye":2,"minecraft:armadillo_scute":1,"minecraft:arrow":5,"minecraft:bow":1,"minecraft:stone_pickaxe":4,"minecraft:wooden_pickaxe":1,"minecraft:sugar":1,"minecraft:orange_bed":1,"minecraft:bucket":1,"minecraft:white_wool":2,"minecraft:redstone":8},"minecraft:picked_up":{"minecraft:crafting_table":8,"minecraft:wheat":56,"minecraft:andesite":1,"minecraft:orange_carpet":3,"minecraft:smoker":1,"minecraft:tuff":2,"minecraft:oak_log":5,"minecraft:brewing_stand":3,"minecraft:gunpowder":8,"minecraft:amethyst_block":5,"minecraft:dirt":3,"minecraft:red_bed":4,"minecraft:bone":16,"minecraft:bow":1,"minecraft:wheat_seeds":201,"minecraft:cobbled_deepslate":13,"minecraft:raw_gold":45,"minecraft:iron_ingot":10,"minecraft:stone_pickaxe":3,"minecraft:calcite":7,"minecraft:lectern":1,"minecraft:melon_slice":46,"minecraft:oak_planks":4,"minecraft:book":24,"minecraft:raw_iron":169,"minecraft:composter":3,"minecraft:torch":2,"minecraft:acacia_log":17,"minecraft:gravel":2,"minecraft:porkchop":2,"minecraft:amethyst_shard":24,"minecraft:blast_furnace":6,"minecraft:redstone":8,"minecraft:spider_eye":4,"minecraft:orange_bed":9,"minecraft:rotten_flesh":2,"minecraft:arrow":15,"minecraft:sugar":1,"minecraft:diamond":20,"minecraft:hay_block":98,"minecraft:granite":3,"minecraft:armadillo_scute":1,"minecraft:melon_seeds":1,"minecraft:mutton":3,"minecraft:coal":191,"minecraft:white_wool":2,"minecraft:cobblestone":63},"minecraft:killed":{"minecraft:pig":1,"minecraft:witch":1,"minecraft:iron_golem":2,"minecraft:creeper":1,"minecraft:sheep":2,"minecraft:skeleton":20,"minecraft:zombie":10,"minecraft:villager":7,"minecraft:enderman":1}},"DataVersion":3953}