{"stats":{"minecraft:used":{"alexsmobs:animal_dictionary":1,"endrem:lost_eye":1},"minecraft:picked_up":{"endrem:lost_eye":1,"alexsmobs:animal_dictionary":1},"minecraft:custom":{"minecraft:jump":18,"minecraft:time_since_rest":26402,"minecraft:damage_taken":20,"minecraft:crouch_one_cm":583,"minecraft:leave_game":3,"minecraft:play_time":26402,"minecraft:sprint_one_cm":938,"minecraft:time_since_death":26402,"minecraft:walk_one_cm":4059,"minecraft:sneak_time":399,"minecraft:total_world_time":26402,"minecraft:fall_one_cm":406,"minecraft:drop":1,"minecraft:fly_one_cm":63434},"minecraft:dropped":{"alexsmobs:animal_dictionary":1}},"DataVersion":3465}