{"stats":{"minecraft:used":{"minecraft:iron_shovel":69,"minecraft:oak_sign":12,"minecraft:poppy":2,"minecraft:diamond_hoe":433,"minecraft:bone_block":8,"minecraft:chest":8,"minecraft:shield":88,"minecraft:rotten_flesh":16,"minecraft:soul_sand":15,"minecraft:mutton":2,"minecraft:carrot":428,"minecraft:tuff":6,"minecraft:obsidian":12,"minecraft:glass":556,"minecraft:lava_bucket":11,"minecraft:bow":124,"minecraft:hay_block":10,"minecraft:furnace":12,"minecraft:beetroot_seeds":4,"minecraft:egg":1,"minecraft:potato":608,"minecraft:deepslate_brick_wall":1,"minecraft:oak_planks":32,"minecraft:stone_pickaxe":10,"minecraft:warped_fungus_on_a_stick":2,"minecraft:ender_pearl":1,"minecraft:blackstone":8,"minecraft:wooden_pickaxe":9,"minecraft:composter":58,"minecraft:diamond_axe":479,"minecraft:sand":29,"minecraft:mushroom_stew":3,"minecraft:blast_furnace":8,"minecraft:shears":4,"minecraft:bread":84,"minecraft:gravel":4,"minecraft:andesite":1,"minecraft:poisonous_potato":1,"minecraft:bone_meal":802,"minecraft:golden_pickaxe":32,"minecraft:oak_fence":41,"minecraft:oak_trapdoor":80,"minecraft:acacia_log":2,"minecraft:netherrack":769,"minecraft:orange_bed":17,"minecraft:torch":238,"minecraft:anvil":2,"minecraft:dirt":538,"minecraft:ancient_debris":1,"minecraft:white_carpet":4,"minecraft:granite":7,"minecraft:wooden_axe":71,"minecraft:iron_axe":539,"minecraft:crimson_planks":28,"minecraft:bamboo":8,"minecraft:basalt":5,"minecraft:golden_carrot":6,"minecraft:beef":13,"minecraft:minecart":2,"minecraft:cooked_beef":9,"minecraft:cobbled_deepslate":15,"minecraft:acacia_planks":77,"minecraft:calcite":7,"minecraft:wheat_seeds":103,"minecraft:cooked_mutton":2,"minecraft:water_bucket":46,"minecraft:amethyst_block":5,"minecraft:stonecutter":3,"minecraft:polished_blackstone_bricks":17,"minecraft:rail":32,"minecraft:crafting_table":29,"minecraft:red_bed":3,"minecraft:white_bed":18,"minecraft:deepslate_tile_wall":1,"minecraft:wooden_hoe":70,"minecraft:diamond_pickaxe":1491,"minecraft:diamond_shovel":1544,"minecraft:chicken":5,"minecraft:iron_pickaxe":1236,"minecraft:stone_axe":25,"minecraft:cobblestone":130,"minecraft:potion":1,"minecraft:porkchop":27,"minecraft:cooked_porkchop":63,"minecraft:bucket":57,"minecraft:yellow_bed":3},"minecraft:picked_up":{"minecraft:chiseled_deepslate":1,"minecraft:iron_chestplate":6,"minecraft:wheat":169,"minecraft:nether_brick_fence":48,"minecraft:anvil":2,"minecraft:yellow_wool":1,"minecraft:smithing_table":1,"minecraft:lead":21,"minecraft:potion":1,"minecraft:nether_brick":22,"minecraft:crimson_planks":37,"minecraft:brewing_stand":3,"minecraft:golden_sword":1,"minecraft:amethyst_block":5,"minecraft:string":72,"minecraft:raw_copper":29,"minecraft:shroomlight":31,"minecraft:beetroot":4,"minecraft:oak_sign":31,"minecraft:gold_nugget":588,"minecraft:cobbled_deepslate":51,"minecraft:bucket":3,"minecraft:calcite":7,"minecraft:netherite_upgrade_smithing_template":8,"minecraft:iron_pickaxe":2,"minecraft:melon_slice":46,"minecraft:furnace":3,"minecraft:iron_boots":8,"minecraft:golden_helmet":3,"minecraft:stick":12,"minecraft:deepslate_brick_wall":1,"minecraft:composter":64,"minecraft:oak_fence":24,"minecraft:torch":116,"minecraft:acacia_log":45,"minecraft:porkchop":100,"minecraft:diorite":17,"minecraft:orange_bed":25,"minecraft:rotten_flesh":53,"minecraft:blackstone_wall":2,"minecraft:iron_block":27,"minecraft:armadillo_scute":1,"minecraft:blaze_rod":36,"minecraft:obsidian":12,"minecraft:cobblestone":722,"minecraft:light_gray_dye":2,"minecraft:feather":1,"minecraft:cooked_beef":1,"minecraft:warped_fungus_on_a_stick":3,"minecraft:water_bucket":7,"minecraft:andesite":20,"minecraft:orange_carpet":3,"minecraft:golden_leggings":2,"minecraft:smoker":1,"minecraft:potato":1387,"minecraft:tuff":63,"minecraft:wither_skeleton_skull":4,"minecraft:dirt":1145,"minecraft:lantern":5,"minecraft:glass":16,"minecraft:bone":32,"minecraft:acacia_planks":57,"minecraft:stonecutter":1,"minecraft:bow":6,"minecraft:wheat_seeds":534,"minecraft:raw_gold":79,"minecraft:fletching_table":1,"minecraft:bamboo":40,"minecraft:oak_planks":324,"minecraft:ghast_tear":2,"minecraft:cooked_porkchop":68,"minecraft:poisonous_potato":9,"minecraft:sand":706,"minecraft:ink_sac":9,"minecraft:spectral_arrow":63,"minecraft:mossy_cobblestone":22,"minecraft:sugar":1,"minecraft:diamond":119,"minecraft:cracked_polished_blackstone_bricks":17,"minecraft:granite":8,"minecraft:bone_meal":1,"minecraft:golden_apple":8,"minecraft:golden_horse_armor":3,"minecraft:bread":18,"minecraft:piglin_banner_pattern":4,"minecraft:oak_sapling":18,"minecraft:netherrack":1710,"minecraft:oak_leaves":4,"minecraft:crimson_roots":3,"minecraft:diamond_pickaxe":6,"minecraft:crafting_table":26,"minecraft:azure_bluet":2,"minecraft:chicken":7,"minecraft:nether_wart":150,"minecraft:brown_mushroom":134,"minecraft:gold_block":43,"minecraft:shield":8,"minecraft:cornflower":7,"minecraft:oak_trapdoor":8,"minecraft:red_bed":8,"minecraft:iron_axe":8,"minecraft:white_carpet":2,"minecraft:iron_shovel":1,"minecraft:blackstone":84,"minecraft:beef":64,"minecraft:iron_nugget":21,"minecraft:poppy":3,"minecraft:minecart":1,"minecraft:lectern":2,"minecraft:sugar_cane":10,"minecraft:chest":1,"minecraft:diamond_hoe":2,"minecraft:egg":1,"minecraft:raw_iron":233,"minecraft:stone":26,"minecraft:oak_door":4,"minecraft:fire_charge":3,"minecraft:polished_blackstone_bricks":130,"minecraft:carrot":429,"minecraft:redstone":8,"minecraft:arrow":109,"minecraft:weeping_vines":3,"minecraft:beetroot_seeds":11,"minecraft:golden_hoe":2,"minecraft:nether_bricks":84,"minecraft:shears":1,"minecraft:deepslate_bricks":1,"minecraft:hay_block":98,"minecraft:saddle":16,"minecraft:gold_ingot":72,"minecraft:oxeye_daisy":2,"minecraft:mutton":11,"minecraft:rail":31,"minecraft:bone_block":389,"minecraft:white_wool":52,"minecraft:stripped_oak_log":16,"minecraft:basalt":7,"minecraft:crimson_stem":15,"minecraft:leather":176,"minecraft:red_mushroom":18,"minecraft:oak_log":282,"minecraft:ancient_debris":10,"minecraft:nether_wart_block":3,"minecraft:yellow_bed":3,"minecraft:gunpowder":9,"minecraft:cobblestone_stairs":6,"minecraft:cooked_mutton":1,"minecraft:apple":2,"minecraft:iron_ingot":55,"minecraft:stone_pickaxe":3,"minecraft:glass_bottle":1,"minecraft:soul_sand":78,"minecraft:book":96,"minecraft:oak_slab":116,"minecraft:warped_fungus":3,"minecraft:quartz":29,"minecraft:gravel":17,"minecraft:amethyst_shard":96,"minecraft:blast_furnace":10,"minecraft:white_bed":14,"minecraft:crying_obsidian":4,"minecraft:spider_eye":4,"minecraft:diamond_shovel":13,"minecraft:slime_ball":36,"minecraft:rib_armor_trim_smithing_template":3,"minecraft:iron_helmet":5,"minecraft:diamond_axe":2,"minecraft:melon_seeds":1,"minecraft:coal":468,"minecraft:ender_pearl":24},"minecraft:broken":{"minecraft:golden_helmet":1,"minecraft:iron_boots":1,"minecraft:golden_leggings":1,"minecraft:wooden_axe":1,"minecraft:iron_axe":3,"minecraft:iron_pickaxe":4,"minecraft:iron_helmet":1,"minecraft:golden_pickaxe":1,"minecraft:wooden_hoe":1},"minecraft:mined":{"minecraft:white_bed":14,"minecraft:farmland":1,"minecraft:brewing_stand":3,"minecraft:obsidian":10,"minecraft:granite":8,"minecraft:acacia_log":46,"minecraft:grass_block":456,"minecraft:jungle_log":1,"minecraft:cracked_polished_blackstone_bricks":19,"minecraft:composter":53,"minecraft:oxeye_daisy":2,"minecraft:nether_wart":22,"minecraft:spawner":2,"minecraft:polished_blackstone_bricks":122,"minecraft:weeping_vines_plant":4,"minecraft:magma_block":4,"minecraft:iron_ore":50,"minecraft:fire":33,"minecraft:anvil":2,"minecraft:deepslate_lapis_ore":3,"minecraft:fletching_table":1,"minecraft:azure_bluet":3,"minecraft:oak_sign":1,"minecraft:dirt_path":43,"minecraft:iron_block":25,"minecraft:orange_bed":22,"minecraft:brown_mushroom":32,"minecraft:red_bed":6,"minecraft:blackstone":8,"minecraft:melon_stem":1,"minecraft:deepslate_brick_wall":1,"minecraft:smoker":1,"minecraft:crimson_nylium":25,"minecraft:soul_fire":2,"minecraft:amethyst_cluster":6,"minecraft:torch":3,"minecraft:blast_furnace":13,"minecraft:poppy":1,"minecraft:melon":9,"minecraft:calcite":7,"minecraft:glass":16,"minecraft:nether_quartz_ore":8,"minecraft:cobblestone":6,"minecraft:oak_planks":65,"minecraft:wall_torch":8,"minecraft:amethyst_block":7,"minecraft:nether_wart_block":3,"minecraft:yellow_wool":1,"minecraft:wheat":163,"minecraft:warped_fungus":2,"minecraft:smooth_stone_slab":2,"minecraft:oak_log":259,"minecraft:beetroots":4,"minecraft:sand":668,"minecraft:dirt":421,"minecraft:smooth_basalt":6,"minecraft:stonecutter":1,"minecraft:netherrack":1249,"minecraft:ancient_debris":1,"minecraft:oak_leaves":56,"minecraft:deepslate":72,"minecraft:nether_gold_ore":80,"minecraft:tuff":18,"minecraft:mossy_cobblestone":24,"minecraft:blackstone_wall":1,"minecraft:deepslate_diamond_ore":41,"minecraft:oak_door":4,"minecraft:nether_bricks":28,"minecraft:crimson_roots":2,"minecraft:red_mushroom":19,"minecraft:crimson_stem":14,"minecraft:hay_block":61,"minecraft:oak_trapdoor":3,"minecraft:furnace":3,"minecraft:carrots":116,"minecraft:andesite":3,"minecraft:gold_block":15,"minecraft:nether_brick_fence":16,"minecraft:shroomlight":29,"minecraft:rail":32,"minecraft:bookshelf":8,"minecraft:deepslate_iron_ore":53,"minecraft:potatoes":475,"minecraft:vine":4,"minecraft:lantern":1,"minecraft:stripped_oak_log":16,"minecraft:bamboo":1,"minecraft:stone":428,"minecraft:bone_block":96,"minecraft:white_wool":1,"minecraft:smithing_table":1,"minecraft:soul_sand":99,"minecraft:basalt":6,"minecraft:dandelion":1,"minecraft:oak_fence":1,"minecraft:crafting_table":23,"minecraft:cornflower":7,"minecraft:short_grass":104,"minecraft:lectern":1,"minecraft:copper_ore":4,"minecraft:tall_grass":10,"minecraft:deepslate_gold_ore":46,"minecraft:diorite":9,"minecraft:orange_carpet":1,"minecraft:yellow_bed":3,"minecraft:coal_ore":181,"minecraft:gravel":21,"minecraft:acacia_planks":4,"minecraft:fern":4},"minecraft:dropped":{"minecraft:crimson_stem":2,"minecraft:porkchop":16,"minecraft:soul_sand":14,"minecraft:brown_mushroom":1,"minecraft:warped_fungus":1,"minecraft:oak_log":27,"minecraft:glass_bottle":2,"minecraft:diamond":23,"minecraft:crafting_table":1,"minecraft:cooked_porkchop":1,"minecraft:warped_fungus_on_a_stick":2,"minecraft:lantern":1,"minecraft:saddle":2,"minecraft:cobblestone_stairs":4,"minecraft:flint":1,"minecraft:dirt":75,"minecraft:red_bed":3,"minecraft:orange_carpet":3,"minecraft:mutton":3,"minecraft:crimson_roots":3,"minecraft:gold_nugget":25,"minecraft:sand":5,"minecraft:sugar":1,"minecraft:iron_pickaxe":1,"minecraft:white_wool":3,"minecraft:gold_ingot":75,"minecraft:bone":8,"minecraft:gravel":1,"minecraft:ancient_debris":2,"minecraft:iron_nugget":4,"minecraft:cobbled_deepslate":29,"minecraft:nether_brick":11,"minecraft:wheat":4,"minecraft:yellow_wool":1,"minecraft:beetroot":1,"minecraft:rotten_flesh":20,"minecraft:oak_planks":11,"minecraft:diamond_shovel":4,"minecraft:cooked_mutton":1,"minecraft:nether_brick_fence":32,"minecraft:chiseled_deepslate":2,"minecraft:melon_seeds":1,"minecraft:arrow":5,"minecraft:glass":49,"minecraft:beef":10,"minecraft:ghast_tear":2,"minecraft:netherrack":641,"minecraft:crimson_planks":1,"minecraft:water_bucket":1,"minecraft:iron_ingot":41,"minecraft:wheat_seeds":174,"minecraft:golden_helmet":1,"minecraft:poisonous_potato":8,"minecraft:cobblestone":16,"minecraft:granite":1,"minecraft:acacia_log":2,"minecraft:coal":31,"minecraft:stick":15,"minecraft:oxeye_daisy":1,"minecraft:mossy_cobblestone_slab":1,"minecraft:diorite":17,"minecraft:torch":5,"minecraft:blackstone_wall":1,"minecraft:fire_charge":1,"minecraft:golden_hoe":2,"minecraft:armadillo_scute":1,"minecraft:iron_axe":4,"minecraft:orange_bed":6,"minecraft:string":3,"minecraft:bucket":1,"minecraft:acacia_planks":55,"minecraft:redstone":13,"minecraft:furnace":1,"minecraft:raw_copper":29,"minecraft:tuff":2,"minecraft:composter":1,"minecraft:chicken":6,"minecraft:nether_bricks":21,"minecraft:deepslate_bricks":2,"minecraft:potato":221,"minecraft:hay_block":73,"minecraft:golden_leggings":1,"minecraft:oak_sapling":14,"minecraft:light_gray_dye":4,"minecraft:spider_eye":2,"minecraft:bamboo":8,"minecraft:bow":1,"minecraft:stone_pickaxe":4,"minecraft:wooden_pickaxe":1},"minecraft:killed_by":{"minecraft:zombified_piglin":1,"minecraft:piglin_brute":1,"minecraft:piglin":1,"minecraft:zombie":1,"minecraft:player":1,"minecraft:skeleton":1},"minecraft:custom":{"minecraft:animals_bred":37,"minecraft:interact_with_crafting_table":120,"minecraft:bell_ring":43,"minecraft:leave_game":15,"minecraft:time_since_death":42747,"minecraft:sprint_one_cm":1395266,"minecraft:damage_blocked_by_shield":3485,"minecraft:drop":262,"minecraft:talked_to_villager":8,"minecraft:play_time":792526,"minecraft:deaths":9,"minecraft:jump":14931,"minecraft:walk_on_water_one_cm":72046,"minecraft:interact_with_furnace":177,"minecraft:sleep_in_bed":30,"minecraft:damage_dealt":41879,"minecraft:crouch_one_cm":212127,"minecraft:horse_one_cm":914381,"minecraft:interact_with_anvil":4,"minecraft:mob_kills":246,"minecraft:climb_one_cm":2884,"minecraft:walk_one_cm":2183692,"minecraft:sneak_time":62502,"minecraft:walk_under_water_one_cm":43012,"minecraft:interact_with_blast_furnace":46,"minecraft:total_world_time":792526,"minecraft:interact_with_stonecutter":13,"minecraft:interact_with_grindstone":3,"minecraft:time_since_rest":8580,"minecraft:damage_taken":13353,"minecraft:swim_one_cm":41917,"minecraft:fly_one_cm":2298879,"minecraft:open_chest":335,"minecraft:fall_one_cm":418794},"minecraft:killed":{"minecraft:zombified_piglin":16,"minecraft:witch":1,"minecraft:skeleton":30,"minecraft:chicken":1,"minecraft:piglin_brute":10,"minecraft:magma_cube":2,"minecraft:piglin":31,"minecraft:pig":7,"minecraft:iron_golem":4,"minecraft:creeper":2,"minecraft:sheep":8,"minecraft:trader_llama":2,"minecraft:zombie":35,"minecraft:ghast":2,"minecraft:blaze":18,"minecraft:cow":28,"minecraft:armadillo":1,"minecraft:slime":10,"minecraft:husk":1,"minecraft:bat":1,"minecraft:wandering_trader":1,"minecraft:hoglin":18,"minecraft:squid":6,"minecraft:wither_skeleton":1,"minecraft:villager":7,"minecraft:enderman":1},"minecraft:crafted":{"minecraft:black_dye":6,"minecraft:oak_planks":828,"minecraft:cobblestone_slab":6,"minecraft:barrel":22,"minecraft:chain":4,"minecraft:stone":27,"minecraft:cobblestone_stairs":4,"minecraft:diamond_shovel":2,"minecraft:cooked_mutton":2,"minecraft:glass":606,"minecraft:bow":1,"minecraft:iron_boots":1,"minecraft:mossy_cobblestone_slab":10,"minecraft:chest":7,"minecraft:rail":48,"minecraft:oak_fence":63,"minecraft:oak_slab":348,"minecraft:cooked_porkchop":45,"minecraft:diamond_axe":1,"minecraft:crafting_table":10,"minecraft:wooden_pickaxe":2,"minecraft:gold_block":2,"minecraft:diamond_pickaxe":1,"minecraft:iron_chestplate":1,"minecraft:wooden_hoe":1,"minecraft:golden_leggings":1,"minecraft:chiseled_deepslate":1,"minecraft:shield":2,"minecraft:stick":172,"minecraft:iron_ingot":167,"minecraft:iron_pickaxe":6,"minecraft:andesite_stairs":1,"minecraft:iron_block":8,"minecraft:gold_ingot":141,"minecraft:light_gray_dye":2,"minecraft:gray_carpet":6,"minecraft:composter":18,"minecraft:deepslate_bricks":54,"minecraft:shears":1,"minecraft:fishing_rod":1,"minecraft:iron_nugget":117,"minecraft:diamond_hoe":1,"minecraft:furnace":10,"minecraft:gray_dye":12,"minecraft:mushroom_stew":3,"minecraft:bone_meal":822,"minecraft:white_carpet":27,"minecraft:oak_trapdoor":82,"minecraft:stone_stairs":1,"minecraft:lantern":4,"minecraft:deepslate_brick_wall":4,"minecraft:iron_axe":3,"minecraft:stone_pickaxe":2,"minecraft:cobblestone_wall":7,"minecraft:deepslate_tile_wall":1,"minecraft:golden_helmet":2,"minecraft:minecart":2,"minecraft:wheat":128,"minecraft:cooked_beef":8,"minecraft:red_dye":4,"minecraft:crimson_planks":48,"minecraft:powered_rail":6,"minecraft:bowl":4,"minecraft:bucket":2,"minecraft:red_carpet":4,"minecraft:stone_axe":1,"minecraft:mossy_cobblestone_wall":7,"minecraft:air":0,"minecraft:bread":61,"minecraft:blue_dye":7,"minecraft:white_dye":6,"minecraft:gold_nugget":36,"minecraft:warped_fungus_on_a_stick":1,"minecraft:wooden_axe":2,"minecraft:iron_shovel":1,"minecraft:stonecutter":2,"minecraft:anvil":2,"minecraft:white_bed":5,"minecraft:acacia_planks":164,"minecraft:torch":248,"minecraft:blue_carpet":7}},"DataVersion":3953}