{"stats":{"minecraft:crafted":{"minecraft:oak_planks":84,"minecraft:fishing_rod":1,"minecraft:furnace":1,"minecraft:mushroom_stew":3,"minecraft:bow":1,"minecraft:iron_boots":1,"minecraft:iron_axe":3,"minecraft:stone_pickaxe":2,"minecraft:chest":2,"minecraft:golden_helmet":2,"minecraft:wheat":128,"minecraft:crimson_planks":48,"minecraft:cooked_porkchop":22,"minecraft:crafting_table":6,"minecraft:wooden_pickaxe":2,"minecraft:bowl":4,"minecraft:gold_block":2,"minecraft:bucket":2,"minecraft:stone_axe":1,"minecraft:air":0,"minecraft:bread":60,"minecraft:iron_chestplate":1,"minecraft:wooden_hoe":1,"minecraft:gold_nugget":36,"minecraft:shield":2,"minecraft:warped_fungus_on_a_stick":1,"minecraft:stick":92,"minecraft:iron_ingot":58,"minecraft:iron_pickaxe":6,"minecraft:wooden_axe":2,"minecraft:iron_shovel":1,"minecraft:gold_ingot":52,"minecraft:white_bed":1,"minecraft:acacia_planks":128,"minecraft:torch":192},"minecraft:picked_up":{"minecraft:iron_chestplate":1,"minecraft:crafting_table":24,"minecraft:wheat":56,"minecraft:brown_mushroom":29,"minecraft:gold_block":8,"minecraft:potion":1,"minecraft:nether_brick":22,"minecraft:crimson_planks":37,"minecraft:brewing_stand":3,"minecraft:shield":3,"minecraft:golden_sword":1,"minecraft:amethyst_block":5,"minecraft:string":18,"minecraft:red_bed":4,"minecraft:iron_axe":3,"minecraft:iron_shovel":1,"minecraft:blackstone":84,"minecraft:gold_nugget":308,"minecraft:cobbled_deepslate":13,"minecraft:beef":18,"minecraft:iron_nugget":21,"minecraft:calcite":7,"minecraft:netherite_upgrade_smithing_template":2,"minecraft:iron_pickaxe":2,"minecraft:lectern":1,"minecraft:melon_slice":46,"minecraft:iron_boots":4,"minecraft:furnace":2,"minecraft:golden_helmet":3,"minecraft:raw_iron":169,"minecraft:stick":2,"minecraft:composter":3,"minecraft:torch":3,"minecraft:acacia_log":36,"minecraft:fire_charge":3,"minecraft:porkchop":73,"minecraft:polished_blackstone_bricks":130,"minecraft:redstone":8,"minecraft:orange_bed":11,"minecraft:arrow":30,"minecraft:weeping_vines":3,"minecraft:rotten_flesh":9,"minecraft:blackstone_wall":2,"minecraft:hay_block":98,"minecraft:iron_block":2,"minecraft:armadillo_scute":1,"minecraft:saddle":1,"minecraft:gold_ingot":57,"minecraft:mutton":9,"minecraft:obsidian":12,"minecraft:bone_block":86,"minecraft:white_wool":7,"minecraft:cobblestone":69,"minecraft:basalt":7,"minecraft:warped_fungus_on_a_stick":3,"minecraft:crimson_stem":12,"minecraft:water_bucket":3,"minecraft:andesite":1,"minecraft:leather":33,"minecraft:orange_carpet":3,"minecraft:golden_leggings":2,"minecraft:red_mushroom":18,"minecraft:smoker":1,"minecraft:tuff":2,"minecraft:oak_log":21,"minecraft:ancient_debris":2,"minecraft:gunpowder":8,"minecraft:dirt":3,"minecraft:lantern":5,"minecraft:bone":20,"minecraft:acacia_planks":4,"minecraft:bow":2,"minecraft:wheat_seeds":207,"minecraft:raw_gold":79,"minecraft:iron_ingot":28,"minecraft:stone_pickaxe":3,"minecraft:glass_bottle":1,"minecraft:oak_planks":51,"minecraft:soul_sand":28,"minecraft:book":24,"minecraft:warped_fungus":3,"minecraft:cooked_porkchop":53,"minecraft:quartz":29,"minecraft:gravel":14,"minecraft:amethyst_shard":24,"minecraft:blast_furnace":8,"minecraft:white_bed":1,"minecraft:crying_obsidian":4,"minecraft:spectral_arrow":63,"minecraft:spider_eye":4,"minecraft:diamond_shovel":3,"minecraft:sugar":1,"minecraft:diamond":20,"minecraft:cracked_polished_blackstone_bricks":17,"minecraft:granite":3,"minecraft:golden_apple":2,"minecraft:bread":18,"minecraft:piglin_banner_pattern":1,"minecraft:netherrack":701,"minecraft:melon_seeds":1,"minecraft:coal":230,"minecraft:crimson_roots":3,"minecraft:diamond_pickaxe":1,"minecraft:ender_pearl":12},"minecraft:custom":{"minecraft:mob_kills":140,"minecraft:interact_with_crafting_table":54,"minecraft:leave_game":11,"minecraft:time_since_death":24704,"minecraft:climb_one_cm":1763,"minecraft:sprint_one_cm":667857,"minecraft:walk_one_cm":686484,"minecraft:damage_blocked_by_shield":2955,"minecraft:drop":110,"minecraft:talked_to_villager":4,"minecraft:play_time":294335,"minecraft:deaths":4,"minecraft:sneak_time":36002,"minecraft:walk_under_water_one_cm":8575,"minecraft:jump":6888,"minecraft:interact_with_blast_furnace":21,"minecraft:walk_on_water_one_cm":33111,"minecraft:total_world_time":294335,"minecraft:interact_with_furnace":11,"minecraft:sleep_in_bed":5,"minecraft:time_since_rest":2456,"minecraft:damage_taken":6125,"minecraft:damage_dealt":27241,"minecraft:swim_one_cm":11389,"minecraft:fly_one_cm":1008792,"minecraft:open_chest":64,"minecraft:crouch_one_cm":117783,"minecraft:fall_one_cm":187414},"minecraft:broken":{"minecraft:iron_axe":1,"minecraft:iron_pickaxe":4,"minecraft:golden_pickaxe":1,"minecraft:wooden_axe":1,"minecraft:wooden_hoe":1},"minecraft:mined":{"minecraft:nether_gold_ore":72,"minecraft:tuff":5,"minecraft:white_bed":1,"minecraft:deepslate_diamond_ore":20,"minecraft:blackstone_wall":1,"minecraft:brewing_stand":3,"minecraft:obsidian":10,"minecraft:granite":3,"minecraft:acacia_log":36,"minecraft:grass_block":4,"minecraft:crimson_roots":2,"minecraft:cracked_polished_blackstone_bricks":19,"minecraft:composter":2,"minecraft:red_mushroom":19,"minecraft:spawner":2,"minecraft:crimson_stem":12,"minecraft:hay_block":61,"minecraft:polished_blackstone_bricks":122,"minecraft:weeping_vines_plant":1,"minecraft:magma_block":4,"minecraft:furnace":2,"minecraft:iron_ore":50,"minecraft:fire":15,"minecraft:andesite":2,"minecraft:deepslate_lapis_ore":3,"minecraft:gold_block":5,"minecraft:bookshelf":8,"minecraft:deepslate_iron_ore":53,"minecraft:lantern":1,"minecraft:stone":72,"minecraft:bone_block":84,"minecraft:orange_bed":11,"minecraft:brown_mushroom":32,"minecraft:soul_sand":69,"minecraft:red_bed":4,"minecraft:blackstone":8,"minecraft:crimson_nylium":15,"minecraft:melon_stem":1,"minecraft:smoker":1,"minecraft:soul_fire":2,"minecraft:amethyst_cluster":6,"minecraft:basalt":6,"minecraft:crafting_table":22,"minecraft:torch":1,"minecraft:short_grass":37,"minecraft:blast_furnace":8,"minecraft:calcite":7,"minecraft:melon":9,"minecraft:lectern":1,"minecraft:nether_quartz_ore":8,"minecraft:tall_grass":6,"minecraft:cobblestone":3,"minecraft:deepslate_gold_ore":46,"minecraft:oak_planks":5,"minecraft:wall_torch":1,"minecraft:amethyst_block":7,"minecraft:orange_carpet":1,"minecraft:wheat":50,"minecraft:warped_fungus":2,"minecraft:smooth_stone_slab":2,"minecraft:coal_ore":84,"minecraft:oak_log":22,"minecraft:smooth_basalt":6,"minecraft:acacia_planks":4,"minecraft:netherrack":643,"minecraft:oak_leaves":1,"minecraft:deepslate":34},"minecraft:killed":{"minecraft:armadillo":1,"minecraft:zombified_piglin":15,"minecraft:witch":1,"minecraft:skeleton":24,"minecraft:piglin_brute":10,"minecraft:magma_cube":2,"minecraft:piglin":28,"minecraft:pig":1,"minecraft:iron_golem":2,"minecraft:hoglin":16,"minecraft:creeper":1,"minecraft:sheep":7,"minecraft:zombie":10,"minecraft:villager":7,"minecraft:enderman":1,"minecraft:cow":13},"minecraft:used":{"minecraft:iron_shovel":69,"minecraft:acacia_log":2,"minecraft:chest":2,"minecraft:shield":72,"minecraft:netherrack":611,"minecraft:orange_bed":4,"minecraft:torch":193,"minecraft:soul_sand":14,"minecraft:dirt":2,"minecraft:granite":3,"minecraft:obsidian":2,"minecraft:wooden_axe":71,"minecraft:lava_bucket":11,"minecraft:iron_axe":377,"minecraft:crimson_planks":28,"minecraft:basalt":5,"minecraft:beef":13,"minecraft:bow":66,"minecraft:hay_block":10,"minecraft:furnace":2,"minecraft:cobbled_deepslate":12,"minecraft:acacia_planks":77,"minecraft:calcite":7,"minecraft:water_bucket":1,"minecraft:amethyst_block":5,"minecraft:warped_fungus_on_a_stick":2,"minecraft:oak_planks":3,"minecraft:stone_pickaxe":10,"minecraft:blackstone":8,"minecraft:wooden_pickaxe":9,"minecraft:polished_blackstone_bricks":17,"minecraft:blast_furnace":6,"minecraft:crafting_table":26,"minecraft:red_bed":1,"minecraft:mushroom_stew":3,"minecraft:white_bed":1,"minecraft:wooden_hoe":70,"minecraft:diamond_pickaxe":135,"minecraft:diamond_shovel":1,"minecraft:bread":83,"minecraft:iron_pickaxe":1236,"minecraft:gravel":1,"minecraft:stone_axe":25,"minecraft:potion":1,"minecraft:cobblestone":56,"minecraft:porkchop":14,"minecraft:cooked_porkchop":16,"minecraft:andesite":1,"minecraft:bucket":13,"minecraft:golden_pickaxe":32},"minecraft:dropped":{"minecraft:crimson_planks":1,"minecraft:iron_ingot":1,"minecraft:porkchop":9,"minecraft:soul_sand":14,"minecraft:wheat_seeds":147,"minecraft:golden_helmet":1,"minecraft:warped_fungus":1,"minecraft:glass_bottle":2,"minecraft:crafting_table":1,"minecraft:warped_fungus_on_a_stick":1,"minecraft:cobblestone":4,"minecraft:lantern":1,"minecraft:acacia_log":2,"minecraft:flint":1,"minecraft:dirt":1,"minecraft:orange_carpet":3,"minecraft:torch":1,"minecraft:mutton":3,"minecraft:blackstone_wall":1,"minecraft:crimson_roots":3,"minecraft:fire_charge":1,"minecraft:gold_nugget":2,"minecraft:armadillo_scute":1,"minecraft:sugar":1,"minecraft:iron_pickaxe":1,"minecraft:orange_bed":2,"minecraft:string":1,"minecraft:white_wool":2,"minecraft:bucket":1,"minecraft:acacia_planks":2,"minecraft:redstone":8,"minecraft:gold_ingot":74,"minecraft:gravel":1,"minecraft:iron_nugget":4,"minecraft:cobbled_deepslate":1,"minecraft:nether_brick":11,"minecraft:tuff":2,"minecraft:wheat":4,"minecraft:composter":1,"minecraft:rotten_flesh":2,"minecraft:oak_planks":11,"minecraft:hay_block":73,"minecraft:melon_seeds":1,"minecraft:spider_eye":2,"minecraft:arrow":5,"minecraft:bow":1,"minecraft:stone_pickaxe":4,"minecraft:wooden_pickaxe":1},"minecraft:killed_by":{"minecraft:zombified_piglin":1,"minecraft:piglin_brute":1}},"DataVersion":3953}