{"stats":{"minecraft:broken":{"minecraft:wooden_axe":1,"minecraft:wooden_hoe":1},"minecraft:mined":{"minecraft:tuff":2,"minecraft:red_bed":3,"minecraft:deepslate_diamond_ore":13,"minecraft:melon_stem":1,"minecraft:smoker":1,"minecraft:brewing_stand":3,"minecraft:crafting_table":8,"minecraft:torch":1,"minecraft:short_grass":13,"minecraft:acacia_log":10,"minecraft:blast_furnace":3,"minecraft:grass_block":1,"minecraft:melon":9,"minecraft:lectern":1,"minecraft:cobblestone":2,"minecraft:tall_grass":2,"minecraft:deepslate_gold_ore":32,"minecraft:oak_planks":5,"minecraft:composter":2,"minecraft:orange_carpet":1,"minecraft:hay_block":57,"minecraft:iron_ore":37,"minecraft:wheat":50,"minecraft:andesite":1,"minecraft:deepslate_lapis_ore":3,"minecraft:smooth_stone_slab":2,"minecraft:bookshelf":8,"minecraft:oak_log":5,"minecraft:coal_ore":84,"minecraft:deepslate_iron_ore":23,"minecraft:stone":36,"minecraft:oak_leaves":1,"minecraft:deepslate":17,"minecraft:orange_bed":7},"minecraft:custom":{"minecraft:mob_kills":28,"minecraft:interact_with_crafting_table":15,"minecraft:leave_game":2,"minecraft:time_since_death":63403,"minecraft:sleep_in_bed":1,"minecraft:time_since_rest":53154,"minecraft:sprint_one_cm":181794,"minecraft:damage_taken":1491,"minecraft:walk_one_cm":140000,"minecraft:damage_blocked_by_shield":1229,"minecraft:drop":29,"minecraft:damage_dealt":6695,"minecraft:swim_one_cm":1830,"minecraft:talked_to_villager":3,"minecraft:fly_one_cm":228064,"minecraft:open_chest":7,"minecraft:crouch_one_cm":9591,"minecraft:play_time":63403,"minecraft:sneak_time":4104,"minecraft:walk_under_water_one_cm":4052,"minecraft:jump":1506,"minecraft:interact_with_blast_furnace":2,"minecraft:walk_on_water_one_cm":9268,"minecraft:total_world_time":63403,"minecraft:fall_one_cm":42193},"minecraft:used":{"minecraft:acacia_log":2,"minecraft:stone_pickaxe":9,"minecraft:shield":24,"minecraft:wooden_pickaxe":3,"minecraft:orange_bed":1,"minecraft:torch":157,"minecraft:dirt":1,"minecraft:crafting_table":8,"minecraft:blast_furnace":1,"minecraft:wooden_axe":43,"minecraft:wooden_hoe":70,"minecraft:iron_axe":72,"minecraft:bread":35,"minecraft:iron_pickaxe":249,"minecraft:cobblestone":26,"minecraft:hay_block":5,"minecraft:porkchop":2},"minecraft:dropped":{"minecraft:wheat_seeds":140,"minecraft:cobbled_deepslate":1,"minecraft:tuff":2,"minecraft:wheat":4,"minecraft:composter":1,"minecraft:hay_block":37,"minecraft:orange_carpet":3,"minecraft:mutton":3,"minecraft:melon_seeds":1,"minecraft:spider_eye":2,"minecraft:armadillo_scute":1,"minecraft:arrow":5,"minecraft:bow":1,"minecraft:stone_pickaxe":3,"minecraft:wooden_pickaxe":1,"minecraft:sugar":1,"minecraft:redstone":8},"minecraft:crafted":{"minecraft:oak_planks":20,"minecraft:crafting_table":2,"minecraft:wooden_pickaxe":1,"minecraft:bread":60,"minecraft:air":0,"minecraft:wooden_hoe":1,"minecraft:shield":1,"minecraft:iron_axe":1,"minecraft:stick":60,"minecraft:iron_ingot":2,"minecraft:stone_pickaxe":1,"minecraft:iron_pickaxe":1,"minecraft:wooden_axe":1,"minecraft:acacia_planks":32,"minecraft:torch":192,"minecraft:wheat":128},"minecraft:picked_up":{"minecraft:crafting_table":7,"minecraft:wheat":56,"minecraft:orange_carpet":3,"minecraft:smoker":1,"minecraft:tuff":2,"minecraft:oak_log":5,"minecraft:brewing_stand":3,"minecraft:gunpowder":4,"minecraft:dirt":1,"minecraft:red_bed":3,"minecraft:bone":15,"minecraft:bow":1,"minecraft:wheat_seeds":200,"minecraft:cobbled_deepslate":1,"minecraft:raw_gold":32,"minecraft:iron_ingot":5,"minecraft:stone_pickaxe":3,"minecraft:lectern":1,"minecraft:melon_slice":46,"minecraft:oak_planks":4,"minecraft:book":24,"minecraft:raw_iron":71,"minecraft:composter":3,"minecraft:torch":1,"minecraft:acacia_log":10,"minecraft:porkchop":2,"minecraft:blast_furnace":3,"minecraft:redstone":8,"minecraft:spider_eye":4,"minecraft:orange_bed":7,"minecraft:arrow":14,"minecraft:sugar":1,"minecraft:diamond":13,"minecraft:hay_block":94,"minecraft:armadillo_scute":1,"minecraft:melon_seeds":1,"minecraft:mutton":3,"minecraft:coal":141,"minecraft:white_wool":2,"minecraft:cobblestone":38},"minecraft:killed":{"minecraft:pig":1,"minecraft:witch":1,"minecraft:iron_golem":1,"minecraft:sheep":2,"minecraft:skeleton":18,"minecraft:zombie":5}},"DataVersion":3953}