{"stats":{"minecraft:custom":{"minecraft:jump":16,"minecraft:time_since_rest":23133,"minecraft:crouch_one_cm":373,"minecraft:leave_game":2,"minecraft:play_time":23133,"minecraft:sprint_one_cm":938,"minecraft:damage_taken":20,"minecraft:time_since_death":23133,"minecraft:walk_one_cm":2521,"minecraft:sneak_time":263,"minecraft:total_world_time":23133,"minecraft:fall_one_cm":406,"minecraft:drop":1,"minecraft:fly_one_cm":48235},"minecraft:dropped":{"alexsmobs:animal_dictionary":1},"minecraft:used":{"endrem:lost_eye":1},"minecraft:picked_up":{"endrem:lost_eye":1,"alexsmobs:animal_dictionary":1}},"DataVersion":3465}