{"stats":{"minecraft:crafted":{"minecraft:oak_planks":84,"minecraft:cooked_mutton":2,"minecraft:bow":1,"minecraft:iron_boots":1,"minecraft:chest":3,"minecraft:cooked_porkchop":22,"minecraft:crafting_table":7,"minecraft:wooden_pickaxe":2,"minecraft:gold_block":2,"minecraft:wooden_hoe":1,"minecraft:iron_chestplate":1,"minecraft:golden_leggings":1,"minecraft:shield":2,"minecraft:stick":92,"minecraft:iron_ingot":58,"minecraft:iron_pickaxe":6,"minecraft:gold_ingot":52,"minecraft:fishing_rod":1,"minecraft:furnace":1,"minecraft:mushroom_stew":3,"minecraft:iron_axe":3,"minecraft:stone_pickaxe":2,"minecraft:golden_helmet":2,"minecraft:wheat":128,"minecraft:cooked_beef":8,"minecraft:crimson_planks":48,"minecraft:bowl":4,"minecraft:bucket":2,"minecraft:stone_axe":1,"minecraft:bread":60,"minecraft:air":0,"minecraft:gold_nugget":36,"minecraft:warped_fungus_on_a_stick":1,"minecraft:wooden_axe":2,"minecraft:iron_shovel":1,"minecraft:white_bed":1,"minecraft:acacia_planks":128,"minecraft:torch":192},"minecraft:picked_up":{"minecraft:iron_chestplate":4,"minecraft:wheat":56,"minecraft:nether_brick_fence":48,"minecraft:potion":1,"minecraft:nether_brick":22,"minecraft:crimson_planks":37,"minecraft:brewing_stand":3,"minecraft:golden_sword":1,"minecraft:amethyst_block":5,"minecraft:string":70,"minecraft:raw_copper":20,"minecraft:gold_nugget":588,"minecraft:cobbled_deepslate":46,"minecraft:bucket":3,"minecraft:calcite":7,"minecraft:netherite_upgrade_smithing_template":8,"minecraft:iron_pickaxe":2,"minecraft:melon_slice":46,"minecraft:furnace":2,"minecraft:iron_boots":7,"minecraft:golden_helmet":3,"minecraft:stick":2,"minecraft:composter":3,"minecraft:torch":7,"minecraft:acacia_log":36,"minecraft:porkchop":80,"minecraft:diorite":15,"minecraft:orange_bed":17,"minecraft:rotten_flesh":33,"minecraft:blackstone_wall":2,"minecraft:armadillo_scute":1,"minecraft:iron_block":2,"minecraft:blaze_rod":36,"minecraft:obsidian":12,"minecraft:cobblestone":144,"minecraft:cooked_beef":1,"minecraft:warped_fungus_on_a_stick":3,"minecraft:water_bucket":3,"minecraft:andesite":1,"minecraft:orange_carpet":3,"minecraft:golden_leggings":2,"minecraft:smoker":1,"minecraft:tuff":6,"minecraft:wither_skeleton_skull":4,"minecraft:dirt":9,"minecraft:lantern":5,"minecraft:bone":32,"minecraft:acacia_planks":5,"minecraft:bow":5,"minecraft:wheat_seeds":207,"minecraft:raw_gold":79,"minecraft:bamboo":32,"minecraft:oak_planks":197,"minecraft:ghast_tear":2,"minecraft:cooked_porkchop":54,"minecraft:spectral_arrow":63,"minecraft:sugar":1,"minecraft:diamond":96,"minecraft:cracked_polished_blackstone_bricks":17,"minecraft:granite":7,"minecraft:golden_apple":8,"minecraft:golden_horse_armor":3,"minecraft:bread":18,"minecraft:piglin_banner_pattern":4,"minecraft:netherrack":1698,"minecraft:crimson_roots":3,"minecraft:diamond_pickaxe":4,"minecraft:crafting_table":26,"minecraft:nether_wart":120,"minecraft:brown_mushroom":108,"minecraft:gold_block":32,"minecraft:shield":6,"minecraft:red_bed":6,"minecraft:iron_axe":8,"minecraft:iron_shovel":1,"minecraft:blackstone":84,"minecraft:beef":54,"minecraft:iron_nugget":21,"minecraft:poppy":2,"minecraft:lectern":2,"minecraft:chest":1,"minecraft:raw_iron":169,"minecraft:fire_charge":3,"minecraft:polished_blackstone_bricks":130,"minecraft:redstone":8,"minecraft:arrow":109,"minecraft:weeping_vines":3,"minecraft:golden_hoe":2,"minecraft:nether_bricks":84,"minecraft:hay_block":98,"minecraft:saddle":15,"minecraft:gold_ingot":70,"minecraft:mutton":9,"minecraft:white_wool":7,"minecraft:bone_block":364,"minecraft:basalt":7,"minecraft:crimson_stem":15,"minecraft:leather":174,"minecraft:red_mushroom":18,"minecraft:oak_log":21,"minecraft:ancient_debris":8,"minecraft:gunpowder":9,"minecraft:cooked_mutton":1,"minecraft:iron_ingot":43,"minecraft:stone_pickaxe":3,"minecraft:glass_bottle":1,"minecraft:soul_sand":58,"minecraft:book":96,"minecraft:warped_fungus":3,"minecraft:quartz":29,"minecraft:gravel":17,"minecraft:amethyst_shard":96,"minecraft:blast_furnace":8,"minecraft:white_bed":1,"minecraft:crying_obsidian":4,"minecraft:spider_eye":4,"minecraft:diamond_shovel":6,"minecraft:slime_ball":36,"minecraft:rib_armor_trim_smithing_template":3,"minecraft:iron_helmet":3,"minecraft:melon_seeds":1,"minecraft:coal":230,"minecraft:ender_pearl":24},"minecraft:custom":{"minecraft:interact_with_crafting_table":58,"minecraft:leave_game":12,"minecraft:time_since_death":8336,"minecraft:sprint_one_cm":896756,"minecraft:damage_blocked_by_shield":3262,"minecraft:drop":167,"minecraft:talked_to_villager":4,"minecraft:play_time":412335,"minecraft:deaths":7,"minecraft:jump":9443,"minecraft:walk_on_water_one_cm":43750,"minecraft:interact_with_furnace":49,"minecraft:sleep_in_bed":11,"minecraft:damage_dealt":35720,"minecraft:crouch_one_cm":131918,"minecraft:horse_one_cm":914381,"minecraft:mob_kills":205,"minecraft:climb_one_cm":1810,"minecraft:walk_one_cm":960007,"minecraft:sneak_time":40376,"minecraft:walk_under_water_one_cm":15424,"minecraft:interact_with_blast_furnace":21,"minecraft:total_world_time":412335,"minecraft:time_since_rest":7261,"minecraft:damage_taken":10710,"minecraft:swim_one_cm":14062,"minecraft:fly_one_cm":1406259,"minecraft:open_chest":90,"minecraft:fall_one_cm":266846},"minecraft:broken":{"minecraft:golden_helmet":1,"minecraft:golden_leggings":1,"minecraft:wooden_axe":1,"minecraft:iron_axe":3,"minecraft:iron_pickaxe":4,"minecraft:golden_pickaxe":1,"minecraft:wooden_hoe":1},"minecraft:mined":{"minecraft:white_bed":1,"minecraft:brewing_stand":3,"minecraft:obsidian":10,"minecraft:granite":7,"minecraft:acacia_log":36,"minecraft:grass_block":5,"minecraft:cracked_polished_blackstone_bricks":19,"minecraft:composter":2,"minecraft:nether_wart":22,"minecraft:spawner":2,"minecraft:polished_blackstone_bricks":122,"minecraft:weeping_vines_plant":1,"minecraft:magma_block":4,"minecraft:iron_ore":50,"minecraft:fire":30,"minecraft:deepslate_lapis_ore":3,"minecraft:orange_bed":14,"minecraft:brown_mushroom":32,"minecraft:red_bed":4,"minecraft:blackstone":8,"minecraft:melon_stem":1,"minecraft:smoker":1,"minecraft:crimson_nylium":25,"minecraft:soul_fire":2,"minecraft:amethyst_cluster":6,"minecraft:torch":1,"minecraft:blast_furnace":8,"minecraft:calcite":7,"minecraft:melon":9,"minecraft:nether_quartz_ore":8,"minecraft:cobblestone":5,"minecraft:oak_planks":44,"minecraft:wall_torch":3,"minecraft:amethyst_block":7,"minecraft:wheat":50,"minecraft:warped_fungus":2,"minecraft:smooth_stone_slab":2,"minecraft:oak_log":22,"minecraft:dirt":12,"minecraft:smooth_basalt":6,"minecraft:ancient_debris":1,"minecraft:netherrack":1242,"minecraft:oak_leaves":1,"minecraft:deepslate":72,"minecraft:nether_gold_ore":80,"minecraft:tuff":16,"minecraft:deepslate_diamond_ore":41,"minecraft:blackstone_wall":1,"minecraft:nether_bricks":28,"minecraft:crimson_roots":2,"minecraft:red_mushroom":19,"minecraft:crimson_stem":14,"minecraft:hay_block":61,"minecraft:furnace":2,"minecraft:andesite":2,"minecraft:gold_block":5,"minecraft:nether_brick_fence":16,"minecraft:bookshelf":8,"minecraft:deepslate_iron_ore":53,"minecraft:lantern":1,"minecraft:bamboo":1,"minecraft:bone_block":96,"minecraft:stone":127,"minecraft:soul_sand":99,"minecraft:basalt":6,"minecraft:crafting_table":23,"minecraft:short_grass":39,"minecraft:lectern":1,"minecraft:copper_ore":2,"minecraft:tall_grass":6,"minecraft:deepslate_gold_ore":46,"minecraft:diorite":4,"minecraft:orange_carpet":1,"minecraft:coal_ore":84,"minecraft:gravel":21,"minecraft:acacia_planks":4},"minecraft:killed":{"minecraft:zombified_piglin":16,"minecraft:witch":1,"minecraft:skeleton":29,"minecraft:piglin_brute":10,"minecraft:magma_cube":2,"minecraft:piglin":28,"minecraft:pig":1,"minecraft:iron_golem":4,"minecraft:creeper":1,"minecraft:sheep":7,"minecraft:zombie":19,"minecraft:ghast":2,"minecraft:cow":25,"minecraft:blaze":18,"minecraft:armadillo":1,"minecraft:slime":10,"minecraft:husk":1,"minecraft:bat":1,"minecraft:hoglin":18,"minecraft:wither_skeleton":1,"minecraft:villager":7,"minecraft:enderman":1},"minecraft:used":{"minecraft:iron_shovel":69,"minecraft:bone_block":8,"minecraft:poppy":2,"minecraft:chest":4,"minecraft:shield":84,"minecraft:rotten_flesh":8,"minecraft:soul_sand":14,"minecraft:tuff":4,"minecraft:obsidian":12,"minecraft:lava_bucket":11,"minecraft:bow":124,"minecraft:hay_block":10,"minecraft:furnace":2,"minecraft:warped_fungus_on_a_stick":2,"minecraft:oak_planks":29,"minecraft:stone_pickaxe":10,"minecraft:ender_pearl":1,"minecraft:blackstone":8,"minecraft:wooden_pickaxe":9,"minecraft:mushroom_stew":3,"minecraft:blast_furnace":6,"minecraft:bread":83,"minecraft:gravel":4,"minecraft:andesite":1,"minecraft:golden_pickaxe":32,"minecraft:acacia_log":2,"minecraft:netherrack":769,"minecraft:orange_bed":9,"minecraft:torch":194,"minecraft:dirt":8,"minecraft:ancient_debris":1,"minecraft:granite":7,"minecraft:wooden_axe":71,"minecraft:iron_axe":539,"minecraft:crimson_planks":28,"minecraft:basalt":5,"minecraft:golden_carrot":6,"minecraft:beef":13,"minecraft:cooked_beef":9,"minecraft:acacia_planks":77,"minecraft:cobbled_deepslate":15,"minecraft:calcite":7,"minecraft:cooked_mutton":2,"minecraft:water_bucket":5,"minecraft:amethyst_block":5,"minecraft:polished_blackstone_bricks":17,"minecraft:crafting_table":27,"minecraft:red_bed":1,"minecraft:white_bed":1,"minecraft:wooden_hoe":70,"minecraft:diamond_pickaxe":958,"minecraft:diamond_shovel":60,"minecraft:iron_pickaxe":1236,"minecraft:stone_axe":25,"minecraft:cobblestone":130,"minecraft:potion":1,"minecraft:porkchop":21,"minecraft:cooked_porkchop":40,"minecraft:bucket":16},"minecraft:dropped":{"minecraft:crimson_stem":2,"minecraft:soul_sand":14,"minecraft:brown_mushroom":1,"minecraft:porkchop":9,"minecraft:warped_fungus":1,"minecraft:glass_bottle":2,"minecraft:crafting_table":1,"minecraft:cooked_porkchop":1,"minecraft:warped_fungus_on_a_stick":2,"minecraft:lantern":1,"minecraft:saddle":1,"minecraft:flint":1,"minecraft:dirt":1,"minecraft:red_bed":3,"minecraft:orange_carpet":3,"minecraft:mutton":3,"minecraft:crimson_roots":3,"minecraft:gold_nugget":2,"minecraft:sugar":1,"minecraft:iron_pickaxe":1,"minecraft:white_wool":2,"minecraft:gold_ingot":74,"minecraft:bone":8,"minecraft:gravel":1,"minecraft:iron_nugget":4,"minecraft:cobbled_deepslate":28,"minecraft:nether_brick":11,"minecraft:wheat":4,"minecraft:rotten_flesh":9,"minecraft:oak_planks":11,"minecraft:cooked_mutton":1,"minecraft:nether_brick_fence":32,"minecraft:melon_seeds":1,"minecraft:arrow":5,"minecraft:ghast_tear":2,"minecraft:netherrack":641,"minecraft:crimson_planks":1,"minecraft:iron_ingot":41,"minecraft:wheat_seeds":147,"minecraft:golden_helmet":1,"minecraft:cobblestone":4,"minecraft:acacia_log":2,"minecraft:diorite":15,"minecraft:torch":3,"minecraft:blackstone_wall":1,"minecraft:fire_charge":1,"minecraft:golden_hoe":2,"minecraft:armadillo_scute":1,"minecraft:iron_axe":4,"minecraft:orange_bed":6,"minecraft:string":1,"minecraft:acacia_planks":3,"minecraft:bucket":1,"minecraft:redstone":8,"minecraft:furnace":1,"minecraft:raw_copper":20,"minecraft:tuff":2,"minecraft:composter":1,"minecraft:hay_block":73,"minecraft:golden_leggings":1,"minecraft:spider_eye":2,"minecraft:bow":1,"minecraft:stone_pickaxe":4,"minecraft:wooden_pickaxe":1},"minecraft:killed_by":{"minecraft:zombified_piglin":1,"minecraft:piglin_brute":1,"minecraft:zombie":1,"minecraft:skeleton":1}},"DataVersion":3953}