{"stats":{"minecraft:crafted":{"minecraft:oak_planks":84,"minecraft:cooked_mutton":2,"minecraft:bow":1,"minecraft:iron_boots":1,"minecraft:chest":3,"minecraft:cooked_porkchop":22,"minecraft:crafting_table":6,"minecraft:wooden_pickaxe":2,"minecraft:gold_block":2,"minecraft:wooden_hoe":1,"minecraft:iron_chestplate":1,"minecraft:shield":2,"minecraft:stick":92,"minecraft:iron_ingot":58,"minecraft:iron_pickaxe":6,"minecraft:gold_ingot":52,"minecraft:fishing_rod":1,"minecraft:furnace":1,"minecraft:mushroom_stew":3,"minecraft:iron_axe":3,"minecraft:stone_pickaxe":2,"minecraft:golden_helmet":2,"minecraft:wheat":128,"minecraft:cooked_beef":8,"minecraft:crimson_planks":48,"minecraft:bowl":4,"minecraft:bucket":2,"minecraft:stone_axe":1,"minecraft:bread":60,"minecraft:air":0,"minecraft:gold_nugget":36,"minecraft:warped_fungus_on_a_stick":1,"minecraft:wooden_axe":2,"minecraft:iron_shovel":1,"minecraft:white_bed":1,"minecraft:acacia_planks":128,"minecraft:torch":192},"minecraft:picked_up":{"minecraft:iron_chestplate":1,"minecraft:wheat":56,"minecraft:nether_brick_fence":2,"minecraft:potion":1,"minecraft:nether_brick":22,"minecraft:brewing_stand":3,"minecraft:crimson_planks":37,"minecraft:golden_sword":1,"minecraft:amethyst_block":5,"minecraft:string":36,"minecraft:gold_nugget":351,"minecraft:cobbled_deepslate":43,"minecraft:calcite":7,"minecraft:netherite_upgrade_smithing_template":4,"minecraft:iron_pickaxe":2,"minecraft:melon_slice":46,"minecraft:furnace":2,"minecraft:iron_boots":4,"minecraft:golden_helmet":3,"minecraft:stick":2,"minecraft:composter":3,"minecraft:torch":5,"minecraft:acacia_log":36,"minecraft:porkchop":80,"minecraft:diorite":15,"minecraft:orange_bed":15,"minecraft:rotten_flesh":14,"minecraft:blackstone_wall":2,"minecraft:armadillo_scute":1,"minecraft:iron_block":2,"minecraft:obsidian":12,"minecraft:cobblestone":90,"minecraft:water_bucket":3,"minecraft:warped_fungus_on_a_stick":3,"minecraft:andesite":1,"minecraft:orange_carpet":3,"minecraft:golden_leggings":2,"minecraft:smoker":1,"minecraft:tuff":2,"minecraft:dirt":3,"minecraft:lantern":5,"minecraft:bone":22,"minecraft:acacia_planks":5,"minecraft:bow":2,"minecraft:wheat_seeds":207,"minecraft:raw_gold":79,"minecraft:bamboo":16,"minecraft:oak_planks":119,"minecraft:cooked_porkchop":54,"minecraft:spectral_arrow":63,"minecraft:sugar":1,"minecraft:diamond":49,"minecraft:cracked_polished_blackstone_bricks":17,"minecraft:granite":3,"minecraft:golden_apple":4,"minecraft:bread":18,"minecraft:piglin_banner_pattern":2,"minecraft:netherrack":1002,"minecraft:crimson_roots":3,"minecraft:diamond_pickaxe":1,"minecraft:crafting_table":24,"minecraft:nether_wart":30,"minecraft:brown_mushroom":56,"minecraft:gold_block":16,"minecraft:shield":3,"minecraft:red_bed":6,"minecraft:iron_axe":8,"minecraft:iron_shovel":1,"minecraft:blackstone":84,"minecraft:beef":54,"minecraft:iron_nugget":21,"minecraft:poppy":2,"minecraft:lectern":2,"minecraft:chest":1,"minecraft:raw_iron":169,"minecraft:fire_charge":3,"minecraft:polished_blackstone_bricks":130,"minecraft:redstone":8,"minecraft:weeping_vines":3,"minecraft:arrow":65,"minecraft:nether_bricks":4,"minecraft:hay_block":98,"minecraft:saddle":3,"minecraft:gold_ingot":57,"minecraft:mutton":9,"minecraft:white_wool":7,"minecraft:bone_block":183,"minecraft:basalt":7,"minecraft:crimson_stem":13,"minecraft:leather":87,"minecraft:red_mushroom":18,"minecraft:oak_log":21,"minecraft:ancient_debris":4,"minecraft:gunpowder":8,"minecraft:cooked_mutton":1,"minecraft:iron_ingot":43,"minecraft:stone_pickaxe":3,"minecraft:glass_bottle":1,"minecraft:soul_sand":58,"minecraft:book":48,"minecraft:warped_fungus":3,"minecraft:quartz":29,"minecraft:gravel":14,"minecraft:amethyst_shard":48,"minecraft:blast_furnace":8,"minecraft:white_bed":1,"minecraft:crying_obsidian":4,"minecraft:spider_eye":4,"minecraft:diamond_shovel":3,"minecraft:slime_ball":18,"minecraft:melon_seeds":1,"minecraft:coal":230,"minecraft:ender_pearl":16},"minecraft:custom":{"minecraft:interact_with_crafting_table":56,"minecraft:leave_game":11,"minecraft:time_since_death":108704,"minecraft:sprint_one_cm":858523,"minecraft:damage_blocked_by_shield":3100,"minecraft:drop":135,"minecraft:talked_to_villager":4,"minecraft:play_time":378335,"minecraft:deaths":4,"minecraft:jump":8801,"minecraft:walk_on_water_one_cm":43750,"minecraft:interact_with_furnace":40,"minecraft:sleep_in_bed":10,"minecraft:damage_dealt":31668,"minecraft:crouch_one_cm":124227,"minecraft:horse_one_cm":914381,"minecraft:mob_kills":180,"minecraft:climb_one_cm":1810,"minecraft:walk_one_cm":855767,"minecraft:sneak_time":38578,"minecraft:walk_under_water_one_cm":15424,"minecraft:interact_with_blast_furnace":21,"minecraft:total_world_time":378335,"minecraft:time_since_rest":30931,"minecraft:damage_taken":8884,"minecraft:swim_one_cm":14062,"minecraft:fly_one_cm":1352815,"minecraft:open_chest":85,"minecraft:fall_one_cm":252201},"minecraft:broken":{"minecraft:golden_helmet":1,"minecraft:wooden_axe":1,"minecraft:iron_axe":2,"minecraft:iron_pickaxe":4,"minecraft:golden_pickaxe":1,"minecraft:wooden_hoe":1},"minecraft:mined":{"minecraft:white_bed":1,"minecraft:brewing_stand":3,"minecraft:obsidian":10,"minecraft:granite":3,"minecraft:acacia_log":36,"minecraft:grass_block":4,"minecraft:cracked_polished_blackstone_bricks":19,"minecraft:composter":2,"minecraft:nether_wart":22,"minecraft:spawner":2,"minecraft:polished_blackstone_bricks":122,"minecraft:weeping_vines_plant":1,"minecraft:magma_block":4,"minecraft:iron_ore":50,"minecraft:fire":24,"minecraft:deepslate_lapis_ore":3,"minecraft:orange_bed":14,"minecraft:brown_mushroom":32,"minecraft:red_bed":4,"minecraft:blackstone":8,"minecraft:melon_stem":1,"minecraft:smoker":1,"minecraft:crimson_nylium":25,"minecraft:soul_fire":2,"minecraft:amethyst_cluster":6,"minecraft:torch":1,"minecraft:blast_furnace":8,"minecraft:calcite":7,"minecraft:melon":9,"minecraft:nether_quartz_ore":8,"minecraft:cobblestone":5,"minecraft:oak_planks":44,"minecraft:wall_torch":3,"minecraft:amethyst_block":7,"minecraft:wheat":50,"minecraft:warped_fungus":2,"minecraft:smooth_stone_slab":2,"minecraft:oak_log":22,"minecraft:smooth_basalt":6,"minecraft:netherrack":997,"minecraft:oak_leaves":1,"minecraft:deepslate":53,"minecraft:nether_gold_ore":74,"minecraft:tuff":5,"minecraft:deepslate_diamond_ore":33,"minecraft:blackstone_wall":1,"minecraft:nether_bricks":7,"minecraft:crimson_roots":2,"minecraft:red_mushroom":19,"minecraft:crimson_stem":14,"minecraft:hay_block":61,"minecraft:furnace":2,"minecraft:andesite":2,"minecraft:gold_block":5,"minecraft:nether_brick_fence":2,"minecraft:bookshelf":8,"minecraft:deepslate_iron_ore":53,"minecraft:lantern":1,"minecraft:bamboo":1,"minecraft:bone_block":96,"minecraft:stone":72,"minecraft:soul_sand":99,"minecraft:basalt":6,"minecraft:crafting_table":22,"minecraft:short_grass":39,"minecraft:lectern":1,"minecraft:tall_grass":6,"minecraft:deepslate_gold_ore":46,"minecraft:orange_carpet":1,"minecraft:coal_ore":84,"minecraft:gravel":9,"minecraft:acacia_planks":4},"minecraft:killed":{"minecraft:zombified_piglin":15,"minecraft:witch":1,"minecraft:skeleton":29,"minecraft:piglin_brute":10,"minecraft:magma_cube":2,"minecraft:piglin":28,"minecraft:pig":1,"minecraft:iron_golem":4,"minecraft:creeper":1,"minecraft:sheep":7,"minecraft:zombie":17,"minecraft:cow":25,"minecraft:armadillo":1,"minecraft:slime":10,"minecraft:husk":1,"minecraft:bat":1,"minecraft:hoglin":18,"minecraft:villager":7,"minecraft:enderman":1},"minecraft:used":{"minecraft:iron_shovel":69,"minecraft:bone_block":8,"minecraft:poppy":2,"minecraft:chest":4,"minecraft:shield":79,"minecraft:soul_sand":14,"minecraft:obsidian":12,"minecraft:lava_bucket":11,"minecraft:bow":117,"minecraft:hay_block":10,"minecraft:furnace":2,"minecraft:warped_fungus_on_a_stick":2,"minecraft:stone_pickaxe":10,"minecraft:oak_planks":3,"minecraft:blackstone":8,"minecraft:wooden_pickaxe":9,"minecraft:mushroom_stew":3,"minecraft:blast_furnace":6,"minecraft:bread":83,"minecraft:gravel":1,"minecraft:andesite":1,"minecraft:golden_pickaxe":32,"minecraft:acacia_log":2,"minecraft:netherrack":706,"minecraft:orange_bed":8,"minecraft:torch":194,"minecraft:dirt":2,"minecraft:granite":3,"minecraft:wooden_axe":71,"minecraft:iron_axe":483,"minecraft:crimson_planks":28,"minecraft:basalt":5,"minecraft:golden_carrot":6,"minecraft:beef":13,"minecraft:cooked_beef":5,"minecraft:acacia_planks":77,"minecraft:cobbled_deepslate":12,"minecraft:calcite":7,"minecraft:water_bucket":5,"minecraft:amethyst_block":5,"minecraft:polished_blackstone_bricks":17,"minecraft:crafting_table":26,"minecraft:red_bed":1,"minecraft:white_bed":1,"minecraft:wooden_hoe":70,"minecraft:diamond_pickaxe":563,"minecraft:diamond_shovel":40,"minecraft:iron_pickaxe":1236,"minecraft:stone_axe":25,"minecraft:cobblestone":77,"minecraft:potion":1,"minecraft:cooked_porkchop":39,"minecraft:porkchop":14,"minecraft:bucket":16},"minecraft:dropped":{"minecraft:soul_sand":14,"minecraft:porkchop":9,"minecraft:warped_fungus":1,"minecraft:glass_bottle":2,"minecraft:crafting_table":1,"minecraft:cooked_porkchop":1,"minecraft:warped_fungus_on_a_stick":2,"minecraft:lantern":1,"minecraft:saddle":1,"minecraft:flint":1,"minecraft:dirt":1,"minecraft:red_bed":3,"minecraft:orange_carpet":3,"minecraft:mutton":3,"minecraft:crimson_roots":3,"minecraft:gold_nugget":2,"minecraft:sugar":1,"minecraft:iron_pickaxe":1,"minecraft:white_wool":2,"minecraft:gold_ingot":74,"minecraft:gravel":1,"minecraft:iron_nugget":4,"minecraft:cobbled_deepslate":16,"minecraft:nether_brick":11,"minecraft:wheat":4,"minecraft:rotten_flesh":4,"minecraft:oak_planks":11,"minecraft:cooked_mutton":1,"minecraft:melon_seeds":1,"minecraft:arrow":5,"minecraft:netherrack":91,"minecraft:crimson_planks":1,"minecraft:iron_ingot":41,"minecraft:wheat_seeds":147,"minecraft:golden_helmet":1,"minecraft:cobblestone":4,"minecraft:acacia_log":2,"minecraft:diorite":15,"minecraft:torch":1,"minecraft:blackstone_wall":1,"minecraft:fire_charge":1,"minecraft:armadillo_scute":1,"minecraft:iron_axe":4,"minecraft:orange_bed":6,"minecraft:string":1,"minecraft:acacia_planks":3,"minecraft:bucket":1,"minecraft:redstone":8,"minecraft:furnace":1,"minecraft:tuff":2,"minecraft:composter":1,"minecraft:hay_block":73,"minecraft:golden_leggings":1,"minecraft:spider_eye":2,"minecraft:bow":1,"minecraft:stone_pickaxe":4,"minecraft:wooden_pickaxe":1},"minecraft:killed_by":{"minecraft:zombified_piglin":1,"minecraft:piglin_brute":1}},"DataVersion":3953}