{"stats":{"minecraft:broken":{"minecraft:wooden_axe":1,"minecraft:wooden_hoe":1},"minecraft:mined":{"minecraft:red_bed":3,"minecraft:melon_stem":1,"minecraft:smoker":1,"minecraft:brewing_stand":3,"minecraft:crafting_table":5,"minecraft:short_grass":13,"minecraft:acacia_log":10,"minecraft:blast_furnace":2,"minecraft:grass_block":1,"minecraft:melon":9,"minecraft:lectern":1,"minecraft:tall_grass":2,"minecraft:composter":2,"minecraft:orange_carpet":1,"minecraft:hay_block":57,"minecraft:iron_ore":14,"minecraft:wheat":50,"minecraft:smooth_stone_slab":2,"minecraft:bookshelf":8,"minecraft:oak_log":5,"minecraft:coal_ore":78,"minecraft:stone":31,"minecraft:oak_leaves":1,"minecraft:orange_bed":7},"minecraft:custom":{"minecraft:mob_kills":4,"minecraft:interact_with_crafting_table":6,"minecraft:leave_game":2,"minecraft:time_since_death":27403,"minecraft:sleep_in_bed":1,"minecraft:time_since_rest":17154,"minecraft:sprint_one_cm":51829,"minecraft:damage_taken":70,"minecraft:walk_one_cm":49318,"minecraft:damage_blocked_by_shield":103,"minecraft:drop":9,"minecraft:damage_dealt":1270,"minecraft:talked_to_villager":3,"minecraft:fly_one_cm":82894,"minecraft:open_chest":7,"minecraft:crouch_one_cm":6196,"minecraft:play_time":27403,"minecraft:sneak_time":2866,"minecraft:walk_under_water_one_cm":123,"minecraft:jump":410,"minecraft:walk_on_water_one_cm":48,"minecraft:total_world_time":27403,"minecraft:fall_one_cm":14197},"minecraft:used":{"minecraft:acacia_log":2,"minecraft:stone_pickaxe":9,"minecraft:shield":1,"minecraft:wooden_pickaxe":3,"minecraft:orange_bed":1,"minecraft:torch":13,"minecraft:dirt":1,"minecraft:crafting_table":5,"minecraft:wooden_axe":43,"minecraft:wooden_hoe":70,"minecraft:bread":4,"minecraft:iron_pickaxe":121,"minecraft:cobblestone":3,"minecraft:hay_block":5},"minecraft:dropped":{"minecraft:wheat_seeds":140,"minecraft:orange_carpet":3,"minecraft:armadillo_scute":1,"minecraft:stone_pickaxe":1},"minecraft:crafted":{"minecraft:oak_planks":20,"minecraft:crafting_table":1,"minecraft:wooden_pickaxe":1,"minecraft:wooden_hoe":1,"minecraft:shield":1,"minecraft:stick":24,"minecraft:stone_pickaxe":1,"minecraft:iron_pickaxe":1,"minecraft:wooden_axe":1,"minecraft:acacia_planks":32,"minecraft:torch":56},"minecraft:picked_up":{"minecraft:crafting_table":5,"minecraft:wheat":45,"minecraft:orange_carpet":3,"minecraft:smoker":1,"minecraft:oak_log":5,"minecraft:brewing_stand":3,"minecraft:dirt":1,"minecraft:red_bed":3,"minecraft:wheat_seeds":200,"minecraft:iron_ingot":5,"minecraft:stone_pickaxe":1,"minecraft:lectern":1,"minecraft:melon_slice":46,"minecraft:book":24,"minecraft:raw_iron":14,"minecraft:composter":2,"minecraft:acacia_log":10,"minecraft:porkchop":2,"minecraft:blast_furnace":2,"minecraft:orange_bed":7,"minecraft:hay_block":57,"minecraft:armadillo_scute":1,"minecraft:melon_seeds":1,"minecraft:mutton":3,"minecraft:coal":78,"minecraft:white_wool":2,"minecraft:cobblestone":31},"minecraft:killed":{"minecraft:pig":1,"minecraft:iron_golem":1,"minecraft:sheep":2}},"DataVersion":3953}