{"stats":{"minecraft:mined":{"minecraft:acacia_leaves":6,"minecraft:white_bed":2,"minecraft:brown_mushroom":5,"minecraft:crafting_table":6,"minecraft:short_grass":33,"minecraft:blast_furnace":2,"minecraft:acacia_log":49,"minecraft:grass_block":25,"minecraft:melon":3,"minecraft:chest":1,"minecraft:tall_grass":1,"minecraft:hay_block":25,"minecraft:fire":2,"minecraft:gold_block":2,"minecraft:oak_log":6,"minecraft:vine":1,"minecraft:gravel":5,"minecraft:dirt":2,"minecraft:stone":18,"minecraft:netherrack":211,"minecraft:bone_block":6,"minecraft:oak_leaves":1,"minecraft:orange_bed":1},"minecraft:killed_by":{"minecraft:skeleton":1},"minecraft:used":{"minecraft:water_bucket":3,"minecraft:flint_and_steel":1,"minecraft:chest":1,"minecraft:shield":10,"minecraft:netherrack":118,"minecraft:orange_bed":3,"minecraft:dirt":6,"minecraft:crafting_table":5,"minecraft:blast_furnace":2,"minecraft:white_bed":1,"minecraft:melon_slice":58,"minecraft:iron_axe":145,"minecraft:bread":25,"minecraft:iron_pickaxe":239,"minecraft:gravel":4,"minecraft:bucket":3,"minecraft:acacia_planks":12},"minecraft:custom":{"minecraft:interact_with_smithing_table":1,"minecraft:mob_kills":38,"minecraft:interact_with_crafting_table":12,"minecraft:leave_game":1,"minecraft:time_since_death":34655,"minecraft:sleep_in_bed":3,"minecraft:climb_one_cm":753,"minecraft:time_since_rest":13116,"minecraft:sprint_one_cm":293470,"minecraft:damage_taken":2434,"minecraft:walk_one_cm":183175,"minecraft:damage_blocked_by_shield":884,"minecraft:drop":35,"minecraft:damage_dealt":5963,"minecraft:swim_one_cm":26078,"minecraft:talked_to_villager":1,"minecraft:fly_one_cm":514240,"minecraft:open_chest":18,"minecraft:crouch_one_cm":10682,"minecraft:play_time":90665,"minecraft:deaths":3,"minecraft:sneak_time":3935,"minecraft:walk_under_water_one_cm":9125,"minecraft:jump":2364,"minecraft:interact_with_blast_furnace":20,"minecraft:walk_on_water_one_cm":6832,"minecraft:total_world_time":90665,"minecraft:fall_one_cm":73986,"minecraft:horse_one_cm":8156},"minecraft:crafted":{"minecraft:oak_planks":24,"minecraft:crafting_table":1,"minecraft:bread":108,"minecraft:air":0,"minecraft:flint_and_steel":1,"minecraft:iron_boots":1,"minecraft:iron_chestplate":1,"minecraft:shield":3,"minecraft:iron_axe":2,"minecraft:stick":32,"minecraft:iron_ingot":66,"minecraft:iron_pickaxe":2,"minecraft:acacia_planks":112,"minecraft:wheat":324},"minecraft:dropped":{"minecraft:bread":18,"minecraft:wheat_seeds":14,"minecraft:warped_fungus":1,"minecraft:rotten_flesh":4,"minecraft:dirt":21,"minecraft:shield":1,"minecraft:gunpowder":8,"minecraft:iron_chestplate":1,"minecraft:acacia_sapling":1,"minecraft:string":3},"minecraft:picked_up":{"minecraft:crafting_table":6,"minecraft:iron_chestplate":1,"minecraft:leather":32,"minecraft:brown_mushroom":5,"minecraft:gold_block":2,"minecraft:flint":1,"minecraft:oak_log":6,"minecraft:shield":1,"minecraft:dirt":48,"minecraft:string":3,"minecraft:red_bed":3,"minecraft:iron_axe":1,"minecraft:bone":21,"minecraft:acacia_planks":42,"minecraft:wheat_seeds":27,"minecraft:bucket":2,"minecraft:beef":59,"minecraft:iron_ingot":54,"minecraft:iron_pickaxe":1,"minecraft:lectern":1,"minecraft:melon_slice":66,"minecraft:chest":1,"minecraft:acacia_sapling":2,"minecraft:egg":1,"minecraft:book":24,"minecraft:golden_helmet":1,"minecraft:warped_fungus":1,"minecraft:composter":2,"minecraft:acacia_log":53,"minecraft:gravel":4,"minecraft:blast_furnace":2,"minecraft:white_bed":2,"minecraft:spider_eye":2,"minecraft:orange_bed":10,"minecraft:arrow":15,"minecraft:rotten_flesh":14,"minecraft:hay_block":61,"minecraft:gold_ingot":1,"minecraft:emerald":1,"minecraft:bread":118,"minecraft:netherrack":182,"minecraft:cobblestone":18,"minecraft:bone_block":6},"minecraft:killed":{"minecraft:strider":1,"minecraft:hoglin":1,"minecraft:skeleton":3,"minecraft:zombie":12,"minecraft:enderman":1,"minecraft:cow":20}},"DataVersion":3953}