{"stats":{"minecraft:mined":{"minecraft:acacia_leaves":6,"minecraft:brown_mushroom":5,"minecraft:crafting_table":4,"minecraft:short_grass":5,"minecraft:acacia_log":35,"minecraft:grass_block":24,"minecraft:tall_grass":1,"minecraft:fire":2,"minecraft:oak_log":6,"minecraft:gravel":5,"minecraft:dirt":2,"minecraft:netherrack":211,"minecraft:bone_block":6},"minecraft:custom":{"minecraft:mob_kills":5,"minecraft:interact_with_crafting_table":10,"minecraft:leave_game":1,"minecraft:time_since_death":5692,"minecraft:sleep_in_bed":2,"minecraft:climb_one_cm":212,"minecraft:time_since_rest":6196,"minecraft:sprint_one_cm":151110,"minecraft:damage_taken":1459,"minecraft:walk_one_cm":122347,"minecraft:drop":35,"minecraft:damage_dealt":1039,"minecraft:swim_one_cm":11056,"minecraft:talked_to_villager":1,"minecraft:fly_one_cm":239607,"minecraft:open_chest":9,"minecraft:crouch_one_cm":9932,"minecraft:play_time":54665,"minecraft:deaths":2,"minecraft:sneak_time":3276,"minecraft:walk_under_water_one_cm":8032,"minecraft:jump":1261,"minecraft:interact_with_blast_furnace":15,"minecraft:walk_on_water_one_cm":4910,"minecraft:total_world_time":54665,"minecraft:fall_one_cm":41194},"minecraft:used":{"minecraft:water_bucket":3,"minecraft:flint_and_steel":1,"minecraft:netherrack":118,"minecraft:orange_bed":2,"minecraft:dirt":3,"minecraft:crafting_table":4,"minecraft:blast_furnace":2,"minecraft:iron_axe":51,"minecraft:bread":25,"minecraft:iron_pickaxe":217,"minecraft:gravel":4,"minecraft:bucket":3,"minecraft:acacia_planks":2},"minecraft:crafted":{"minecraft:oak_planks":24,"minecraft:bread":108,"minecraft:air":0,"minecraft:flint_and_steel":1,"minecraft:iron_boots":1,"minecraft:iron_chestplate":1,"minecraft:shield":2,"minecraft:iron_axe":1,"minecraft:stick":20,"minecraft:iron_ingot":48,"minecraft:iron_pickaxe":1,"minecraft:acacia_planks":56,"minecraft:wheat":324},"minecraft:dropped":{"minecraft:bread":18,"minecraft:wheat_seeds":14,"minecraft:warped_fungus":1,"minecraft:rotten_flesh":4,"minecraft:dirt":21,"minecraft:shield":1,"minecraft:gunpowder":8,"minecraft:iron_chestplate":1,"minecraft:acacia_sapling":1,"minecraft:string":3},"minecraft:picked_up":{"minecraft:crafting_table":5,"minecraft:iron_chestplate":1,"minecraft:leather":12,"minecraft:brown_mushroom":5,"minecraft:flint":1,"minecraft:oak_log":6,"minecraft:shield":1,"minecraft:dirt":47,"minecraft:string":3,"minecraft:iron_axe":1,"minecraft:acacia_planks":42,"minecraft:wheat_seeds":25,"minecraft:bucket":2,"minecraft:beef":16,"minecraft:iron_ingot":26,"minecraft:iron_pickaxe":1,"minecraft:acacia_sapling":2,"minecraft:golden_helmet":1,"minecraft:warped_fungus":1,"minecraft:acacia_log":39,"minecraft:gravel":4,"minecraft:orange_bed":3,"minecraft:arrow":10,"minecraft:rotten_flesh":4,"minecraft:hay_block":36,"minecraft:bread":118,"minecraft:netherrack":182,"minecraft:bone_block":6},"minecraft:killed":{"minecraft:strider":1,"minecraft:hoglin":1,"minecraft:cow":3}},"DataVersion":3953}