{"stats":{"minecraft:mined":{"minecraft:acacia_leaves":6,"minecraft:brown_mushroom":5,"minecraft:crafting_table":4,"minecraft:short_grass":5,"minecraft:acacia_log":35,"minecraft:grass_block":23,"minecraft:tall_grass":1,"minecraft:fire":2,"minecraft:oak_log":6,"minecraft:gravel":5,"minecraft:netherrack":116,"minecraft:bone_block":3},"minecraft:custom":{"minecraft:mob_kills":5,"minecraft:interact_with_crafting_table":10,"minecraft:time_since_death":30998,"minecraft:sleep_in_bed":2,"minecraft:climb_one_cm":212,"minecraft:time_since_rest":27694,"minecraft:sprint_one_cm":120739,"minecraft:damage_taken":1121,"minecraft:walk_one_cm":102982,"minecraft:drop":34,"minecraft:damage_dealt":1039,"minecraft:talked_to_villager":1,"minecraft:swim_one_cm":11056,"minecraft:fly_one_cm":188814,"minecraft:open_chest":3,"minecraft:crouch_one_cm":6193,"minecraft:play_time":42929,"minecraft:deaths":1,"minecraft:sneak_time":2172,"minecraft:walk_under_water_one_cm":8032,"minecraft:jump":1007,"minecraft:interact_with_blast_furnace":8,"minecraft:walk_on_water_one_cm":4910,"minecraft:total_world_time":42929,"minecraft:fall_one_cm":31754},"minecraft:used":{"minecraft:water_bucket":2,"minecraft:flint_and_steel":1,"minecraft:netherrack":98,"minecraft:orange_bed":2,"minecraft:dirt":2,"minecraft:crafting_table":4,"minecraft:iron_axe":51,"minecraft:bread":19,"minecraft:iron_pickaxe":119,"minecraft:gravel":4,"minecraft:bucket":3,"minecraft:acacia_planks":2},"minecraft:crafted":{"minecraft:oak_planks":24,"minecraft:bread":108,"minecraft:air":0,"minecraft:flint_and_steel":1,"minecraft:iron_boots":1,"minecraft:iron_chestplate":1,"minecraft:shield":2,"minecraft:iron_axe":1,"minecraft:stick":20,"minecraft:iron_ingot":32,"minecraft:iron_pickaxe":1,"minecraft:acacia_planks":56,"minecraft:wheat":324},"minecraft:dropped":{"minecraft:bread":18,"minecraft:wheat_seeds":14,"minecraft:warped_fungus":1,"minecraft:rotten_flesh":4,"minecraft:dirt":21,"minecraft:shield":1,"minecraft:iron_chestplate":1,"minecraft:acacia_sapling":1,"minecraft:string":3},"minecraft:picked_up":{"minecraft:crafting_table":5,"minecraft:iron_chestplate":1,"minecraft:leather":12,"minecraft:brown_mushroom":5,"minecraft:flint":1,"minecraft:oak_log":6,"minecraft:shield":1,"minecraft:dirt":44,"minecraft:string":3,"minecraft:iron_axe":1,"minecraft:acacia_planks":42,"minecraft:wheat_seeds":25,"minecraft:bucket":2,"minecraft:beef":16,"minecraft:iron_ingot":26,"minecraft:iron_pickaxe":1,"minecraft:acacia_sapling":2,"minecraft:golden_helmet":1,"minecraft:warped_fungus":1,"minecraft:acacia_log":39,"minecraft:gravel":4,"minecraft:orange_bed":3,"minecraft:arrow":10,"minecraft:rotten_flesh":4,"minecraft:hay_block":36,"minecraft:bread":118,"minecraft:netherrack":108,"minecraft:bone_block":2},"minecraft:killed":{"minecraft:strider":1,"minecraft:hoglin":1,"minecraft:cow":3}},"DataVersion":3953}