{"stats":{"minecraft:crafted":{"minecraft:oak_door":3,"minecraft:oak_planks":24,"minecraft:cooked_chicken":7,"minecraft:furnace":5,"minecraft:cooked_mutton":7,"minecraft:diamond_helmet":1,"minecraft:iron_boots":1,"minecraft:iron_axe":2,"minecraft:stone_pickaxe":1,"minecraft:chest":1,"minecraft:cooked_beef":24,"minecraft:crafting_table":6,"minecraft:wooden_pickaxe":1,"minecraft:iron_helmet":1,"minecraft:bucket":1,"minecraft:stone_axe":1,"minecraft:bread":6,"minecraft:air":0,"minecraft:iron_chestplate":1,"minecraft:diamond_pickaxe":1,"minecraft:shield":1,"minecraft:stick":36,"minecraft:iron_ingot":41,"minecraft:iron_pickaxe":2,"minecraft:gold_ingot":31,"minecraft:iron_leggings":1,"minecraft:acacia_planks":60,"minecraft:torch":80,"minecraft:diamond_chestplate":1},"minecraft:picked_up":{"minecraft:crafting_table":7,"minecraft:iron_chestplate":1,"minecraft:wheat":22,"minecraft:chicken":7,"minecraft:shield":1,"minecraft:string":2,"minecraft:red_bed":2,"minecraft:iron_axe":1,"minecraft:iron_leggings":1,"minecraft:gold_nugget":47,"minecraft:cobbled_deepslate":78,"minecraft:beef":14,"minecraft:iron_pickaxe":1,"minecraft:melon_slice":9,"minecraft:furnace":5,"minecraft:iron_boots":1,"minecraft:egg":6,"minecraft:raw_iron":76,"minecraft:stick":4,"minecraft:oak_door":4,"minecraft:torch":8,"minecraft:acacia_log":15,"minecraft:porkchop":2,"minecraft:diorite":30,"minecraft:redstone":38,"minecraft:orange_bed":3,"minecraft:arrow":8,"minecraft:rotten_flesh":25,"minecraft:gold_ingot":16,"minecraft:mutton":14,"minecraft:rail":38,"minecraft:white_wool":10,"minecraft:cobblestone":183,"minecraft:feather":18,"minecraft:cooked_beef":9,"minecraft:warped_fungus_on_a_stick":1,"minecraft:glow_ink_sac":2,"minecraft:andesite":5,"minecraft:leather":16,"minecraft:tuff":1,"minecraft:oak_log":6,"minecraft:gunpowder":5,"minecraft:lapis_lazuli":49,"minecraft:dirt":33,"minecraft:cooked_mutton":4,"minecraft:acacia_planks":8,"minecraft:wheat_seeds":126,"minecraft:raw_gold":48,"minecraft:iron_ingot":40,"minecraft:stone_pickaxe":1,"minecraft:diamond_helmet":1,"minecraft:oak_planks":12,"minecraft:smooth_basalt":8,"minecraft:spider_eye":5,"minecraft:diamond":28,"minecraft:iron_helmet":2,"minecraft:granite":7,"minecraft:netherrack":24,"minecraft:melon_seeds":2,"minecraft:black_wool":4,"minecraft:coal":47},"minecraft:custom":{"minecraft:mob_kills":55,"minecraft:interact_with_crafting_table":42,"minecraft:leave_game":1,"minecraft:time_since_death":37752,"minecraft:sprint_one_cm":202754,"minecraft:walk_one_cm":185372,"minecraft:damage_blocked_by_shield":1162,"minecraft:drop":12,"minecraft:play_time":141547,"minecraft:deaths":1,"minecraft:sneak_time":4065,"minecraft:walk_under_water_one_cm":27981,"minecraft:jump":2561,"minecraft:walk_on_water_one_cm":48901,"minecraft:total_world_time":141547,"minecraft:interact_with_furnace":85,"minecraft:sleep_in_bed":1,"minecraft:time_since_rest":19050,"minecraft:damage_taken":2701,"minecraft:damage_dealt":7538,"minecraft:swim_one_cm":40754,"minecraft:fly_one_cm":317371,"minecraft:open_chest":16,"minecraft:crouch_one_cm":7915,"minecraft:fall_one_cm":79618},"minecraft:broken":{"minecraft:stone_axe":1,"minecraft:iron_pickaxe":1},"minecraft:mined":{"minecraft:nether_gold_ore":11,"minecraft:tuff":2,"minecraft:attached_melon_stem":1,"minecraft:deepslate_diamond_ore":28,"minecraft:oak_door":4,"minecraft:granite":5,"minecraft:acacia_log":15,"minecraft:grass_block":7,"minecraft:redstone_ore":4,"minecraft:furnace":3,"minecraft:fire":2,"minecraft:iron_ore":63,"minecraft:cobbled_deepslate":7,"minecraft:andesite":5,"minecraft:deepslate_lapis_ore":3,"minecraft:dirt_path":1,"minecraft:deepslate_iron_ore":11,"minecraft:rail":38,"minecraft:stone":139,"minecraft:acacia_leaves":2,"minecraft:crafting_table":7,"minecraft:torch":3,"minecraft:short_grass":20,"minecraft:melon":2,"minecraft:cobblestone":8,"minecraft:tall_grass":2,"minecraft:deepslate_gold_ore":40,"minecraft:lapis_ore":2,"minecraft:oak_planks":13,"minecraft:diorite":15,"minecraft:wall_torch":2,"minecraft:wheat":27,"minecraft:coal_ore":49,"minecraft:oak_log":6,"minecraft:dirt":25,"minecraft:smooth_basalt":6,"minecraft:acacia_planks":8,"minecraft:netherrack":24,"minecraft:deepslate":59},"minecraft:killed":{"minecraft:spider":5,"minecraft:slime":1,"minecraft:skeleton":3,"minecraft:chicken":7,"minecraft:pig":1,"minecraft:sheep":7,"minecraft:zombie":23,"minecraft:cow":7},"minecraft:used":{"minecraft:chest":1,"minecraft:shield":40,"minecraft:netherrack":18,"minecraft:rotten_flesh":9,"minecraft:cooked_chicken":7,"minecraft:oak_door":7,"minecraft:iron_chestplate":1,"minecraft:orange_bed":1,"minecraft:torch":88,"minecraft:dirt":33,"minecraft:tuff":1,"minecraft:granite":5,"minecraft:lava_bucket":3,"minecraft:iron_axe":62,"minecraft:iron_helmet":1,"minecraft:iron_boots":1,"minecraft:smooth_basalt":8,"minecraft:diamond_chestplate":1,"minecraft:furnace":8,"minecraft:egg":3,"minecraft:cooked_beef":15,"minecraft:acacia_planks":28,"minecraft:cobbled_deepslate":58,"minecraft:iron_leggings":1,"minecraft:cooked_mutton":1,"minecraft:stone_pickaxe":84,"minecraft:oak_planks":3,"minecraft:wooden_pickaxe":13,"minecraft:crafting_table":13,"minecraft:diamond_pickaxe":35,"minecraft:black_wool":2,"minecraft:melon_slice":9,"minecraft:bread":6,"minecraft:iron_pickaxe":406,"minecraft:stone_axe":95,"minecraft:cobblestone":94,"minecraft:porkchop":1,"minecraft:andesite":5,"minecraft:bucket":7},"minecraft:dropped":{"minecraft:iron_helmet":1,"minecraft:cobblestone":20,"minecraft:diorite":15,"minecraft:iron_axe":1,"minecraft:string":1,"minecraft:wheat":2,"minecraft:gunpowder":2,"minecraft:arrow":14,"minecraft:wooden_pickaxe":1}},"DataVersion":3953}