{"stats":{"minecraft:mined":{"minecraft:tuff":1,"minecraft:acacia_leaves":1,"minecraft:attached_melon_stem":1,"minecraft:oak_door":4,"minecraft:crafting_table":4,"minecraft:torch":3,"minecraft:granite":4,"minecraft:short_grass":2,"minecraft:acacia_log":7,"minecraft:melon":2,"minecraft:cobblestone":3,"minecraft:deepslate_gold_ore":16,"minecraft:lapis_ore":2,"minecraft:oak_planks":2,"minecraft:diorite":15,"minecraft:wall_torch":2,"minecraft:redstone_ore":4,"minecraft:iron_ore":60,"minecraft:wheat":27,"minecraft:andesite":5,"minecraft:coal_ore":49,"minecraft:oak_log":6,"minecraft:dirt_path":1,"minecraft:deepslate_iron_ore":5,"minecraft:dirt":7,"minecraft:smooth_basalt":4,"minecraft:stone":138,"minecraft:deepslate":11},"minecraft:used":{"minecraft:stone_pickaxe":77,"minecraft:oak_planks":2,"minecraft:shield":4,"minecraft:wooden_pickaxe":13,"minecraft:rotten_flesh":2,"minecraft:iron_chestplate":1,"minecraft:oak_door":6,"minecraft:torch":87,"minecraft:dirt":4,"minecraft:crafting_table":7,"minecraft:tuff":1,"minecraft:granite":1,"minecraft:bread":6,"minecraft:melon_slice":9,"minecraft:iron_pickaxe":238,"minecraft:iron_helmet":1,"minecraft:iron_boots":1,"minecraft:smooth_basalt":1,"minecraft:stone_axe":14,"minecraft:cobblestone":73,"minecraft:furnace":2,"minecraft:andesite":3,"minecraft:acacia_planks":11,"minecraft:cobbled_deepslate":8,"minecraft:iron_leggings":1},"minecraft:custom":{"minecraft:interact_with_furnace":13,"minecraft:mob_kills":2,"minecraft:interact_with_crafting_table":20,"minecraft:time_since_death":51226,"minecraft:time_since_rest":51226,"minecraft:sprint_one_cm":48984,"minecraft:damage_taken":647,"minecraft:walk_one_cm":62585,"minecraft:damage_blocked_by_shield":148,"minecraft:drop":1,"minecraft:damage_dealt":394,"minecraft:swim_one_cm":40170,"minecraft:fly_one_cm":66199,"minecraft:open_chest":4,"minecraft:crouch_one_cm":4865,"minecraft:play_time":51226,"minecraft:sneak_time":2787,"minecraft:walk_under_water_one_cm":24547,"minecraft:jump":662,"minecraft:walk_on_water_one_cm":29797,"minecraft:total_world_time":51226,"minecraft:fall_one_cm":21631},"minecraft:dropped":{"minecraft:wooden_pickaxe":1},"minecraft:crafted":{"minecraft:oak_door":3,"minecraft:oak_planks":24,"minecraft:crafting_table":3,"minecraft:wooden_pickaxe":1,"minecraft:iron_helmet":1,"minecraft:furnace":2,"minecraft:stone_axe":1,"minecraft:bread":6,"minecraft:air":0,"minecraft:iron_chestplate":1,"minecraft:iron_boots":1,"minecraft:shield":1,"minecraft:stick":28,"minecraft:iron_ingot":40,"minecraft:iron_pickaxe":1,"minecraft:stone_pickaxe":1,"minecraft:iron_leggings":1,"minecraft:acacia_planks":28,"minecraft:torch":80},"minecraft:picked_up":{"minecraft:crafting_table":4,"minecraft:wheat":20,"minecraft:glow_ink_sac":1,"minecraft:andesite":5,"minecraft:tuff":1,"minecraft:oak_log":6,"minecraft:lapis_lazuli":10,"minecraft:dirt":8,"minecraft:wheat_seeds":58,"minecraft:cobbled_deepslate":11,"minecraft:raw_gold":16,"minecraft:melon_slice":9,"minecraft:oak_planks":2,"minecraft:raw_iron":64,"minecraft:smooth_basalt":6,"minecraft:oak_door":4,"minecraft:torch":8,"minecraft:acacia_log":7,"minecraft:diorite":15,"minecraft:redstone":19,"minecraft:rotten_flesh":2,"minecraft:granite":4,"minecraft:melon_seeds":1,"minecraft:coal":47,"minecraft:cobblestone":143},"minecraft:killed":{"minecraft:skeleton":1,"minecraft:zombie":1}},"DataVersion":3953}