{"stats":{"minecraft:crafted":{"minecraft:oak_door":3,"minecraft:oak_planks":24,"minecraft:cooked_chicken":7,"minecraft:furnace":5,"minecraft:cooked_mutton":7,"minecraft:diamond_helmet":1,"minecraft:iron_boots":1,"minecraft:iron_axe":2,"minecraft:stone_pickaxe":1,"minecraft:chest":1,"minecraft:cooked_beef":24,"minecraft:crafting_table":6,"minecraft:wooden_pickaxe":1,"minecraft:iron_helmet":1,"minecraft:bucket":1,"minecraft:stone_axe":1,"minecraft:bread":6,"minecraft:air":0,"minecraft:iron_chestplate":1,"minecraft:diamond_pickaxe":1,"minecraft:shield":1,"minecraft:stick":36,"minecraft:iron_ingot":41,"minecraft:iron_pickaxe":2,"minecraft:gold_ingot":31,"minecraft:iron_leggings":1,"minecraft:acacia_planks":60,"minecraft:torch":80,"minecraft:diamond_chestplate":1},"minecraft:picked_up":{"minecraft:crafting_table":7,"minecraft:iron_chestplate":1,"minecraft:wheat":22,"minecraft:nether_brick_fence":13,"minecraft:chicken":7,"minecraft:nether_wart":12,"minecraft:brown_mushroom":2,"minecraft:shield":1,"minecraft:string":2,"minecraft:red_bed":2,"minecraft:iron_axe":1,"minecraft:iron_leggings":1,"minecraft:gold_nugget":65,"minecraft:cobbled_deepslate":90,"minecraft:beef":14,"minecraft:iron_pickaxe":1,"minecraft:melon_slice":9,"minecraft:furnace":5,"minecraft:iron_boots":1,"minecraft:egg":6,"minecraft:raw_iron":76,"minecraft:stick":4,"minecraft:oak_door":4,"minecraft:torch":8,"minecraft:acacia_log":15,"minecraft:porkchop":2,"minecraft:diorite":30,"minecraft:redstone":38,"minecraft:orange_bed":3,"minecraft:arrow":8,"minecraft:rotten_flesh":26,"minecraft:nether_bricks":12,"minecraft:gold_ingot":16,"minecraft:blaze_rod":11,"minecraft:mutton":14,"minecraft:bone_block":22,"minecraft:rail":38,"minecraft:white_wool":10,"minecraft:cobblestone":183,"minecraft:feather":18,"minecraft:cooked_beef":9,"minecraft:warped_fungus_on_a_stick":1,"minecraft:glow_ink_sac":2,"minecraft:andesite":5,"minecraft:leather":16,"minecraft:red_mushroom":1,"minecraft:tuff":1,"minecraft:oak_log":6,"minecraft:gunpowder":5,"minecraft:lapis_lazuli":49,"minecraft:dirt":33,"minecraft:cooked_mutton":4,"minecraft:bone":6,"minecraft:acacia_planks":8,"minecraft:wheat_seeds":126,"minecraft:raw_gold":48,"minecraft:iron_ingot":40,"minecraft:stone_pickaxe":1,"minecraft:diamond_helmet":1,"minecraft:glowstone_dust":36,"minecraft:soul_sand":10,"minecraft:oak_planks":12,"minecraft:smooth_basalt":8,"minecraft:quartz":3,"minecraft:spider_eye":5,"minecraft:diamond":28,"minecraft:iron_helmet":2,"minecraft:granite":7,"minecraft:netherrack":264,"minecraft:melon_seeds":2,"minecraft:black_wool":4,"minecraft:coal":47,"minecraft:crimson_roots":1,"minecraft:diamond_pickaxe":1},"minecraft:custom":{"minecraft:mob_kills":76,"minecraft:interact_with_crafting_table":42,"minecraft:leave_game":1,"minecraft:time_since_death":61752,"minecraft:sprint_one_cm":265135,"minecraft:walk_one_cm":240195,"minecraft:damage_blocked_by_shield":1642,"minecraft:drop":16,"minecraft:play_time":165547,"minecraft:deaths":1,"minecraft:sneak_time":5214,"minecraft:walk_under_water_one_cm":27981,"minecraft:jump":3286,"minecraft:walk_on_water_one_cm":48901,"minecraft:total_world_time":165547,"minecraft:interact_with_furnace":85,"minecraft:sleep_in_bed":1,"minecraft:time_since_rest":43050,"minecraft:damage_taken":3722,"minecraft:damage_dealt":11770,"minecraft:swim_one_cm":40754,"minecraft:fly_one_cm":423774,"minecraft:open_chest":23,"minecraft:crouch_one_cm":11287,"minecraft:fall_one_cm":96022},"minecraft:broken":{"minecraft:stone_axe":1,"minecraft:iron_pickaxe":1},"minecraft:mined":{"minecraft:nether_gold_ore":18,"minecraft:tuff":2,"minecraft:attached_melon_stem":1,"minecraft:deepslate_diamond_ore":28,"minecraft:oak_door":4,"minecraft:nether_bricks":8,"minecraft:granite":5,"minecraft:acacia_log":15,"minecraft:grass_block":7,"minecraft:red_mushroom":1,"minecraft:nether_wart":10,"minecraft:redstone_ore":4,"minecraft:glowstone":13,"minecraft:furnace":3,"minecraft:fire":14,"minecraft:iron_ore":63,"minecraft:cobbled_deepslate":7,"minecraft:andesite":5,"minecraft:deepslate_lapis_ore":3,"minecraft:nether_brick_fence":13,"minecraft:dirt_path":1,"minecraft:deepslate_iron_ore":11,"minecraft:rail":38,"minecraft:stone":139,"minecraft:bone_block":23,"minecraft:acacia_leaves":2,"minecraft:brown_mushroom":2,"minecraft:soul_sand":10,"minecraft:crimson_nylium":2,"minecraft:crafting_table":7,"minecraft:torch":3,"minecraft:short_grass":20,"minecraft:melon":2,"minecraft:nether_quartz_ore":3,"minecraft:cobblestone":8,"minecraft:tall_grass":2,"minecraft:deepslate_gold_ore":40,"minecraft:lapis_ore":2,"minecraft:oak_planks":13,"minecraft:diorite":15,"minecraft:wall_torch":2,"minecraft:wheat":27,"minecraft:coal_ore":49,"minecraft:oak_log":6,"minecraft:dirt":25,"minecraft:smooth_basalt":6,"minecraft:acacia_planks":8,"minecraft:netherrack":124,"minecraft:deepslate":59},"minecraft:used":{"minecraft:chest":1,"minecraft:shield":56,"minecraft:netherrack":137,"minecraft:rotten_flesh":13,"minecraft:cooked_chicken":7,"minecraft:oak_door":7,"minecraft:iron_chestplate":1,"minecraft:orange_bed":1,"minecraft:torch":88,"minecraft:dirt":33,"minecraft:tuff":1,"minecraft:granite":5,"minecraft:lava_bucket":3,"minecraft:iron_axe":121,"minecraft:iron_helmet":1,"minecraft:iron_boots":1,"minecraft:smooth_basalt":8,"minecraft:diamond_chestplate":1,"minecraft:furnace":8,"minecraft:egg":3,"minecraft:cooked_beef":23,"minecraft:acacia_planks":28,"minecraft:cobbled_deepslate":70,"minecraft:iron_leggings":1,"minecraft:cooked_mutton":6,"minecraft:stone_pickaxe":84,"minecraft:oak_planks":3,"minecraft:wooden_pickaxe":13,"minecraft:crafting_table":13,"minecraft:diamond_pickaxe":198,"minecraft:black_wool":2,"minecraft:melon_slice":9,"minecraft:bread":6,"minecraft:iron_pickaxe":412,"minecraft:stone_axe":95,"minecraft:cobblestone":94,"minecraft:porkchop":1,"minecraft:andesite":5,"minecraft:bucket":7},"minecraft:killed":{"minecraft:zombified_piglin":3,"minecraft:spider":5,"minecraft:slime":1,"minecraft:skeleton":4,"minecraft:chicken":7,"minecraft:pig":1,"minecraft:sheep":7,"minecraft:zombie":23,"minecraft:wither_skeleton":2,"minecraft:blaze":15,"minecraft:cow":7},"minecraft:dropped":{"minecraft:cooked_beef":1,"minecraft:iron_helmet":1,"minecraft:cobblestone":20,"minecraft:diorite":15,"minecraft:iron_axe":1,"minecraft:string":1,"minecraft:gold_ingot":7,"minecraft:wheat":2,"minecraft:rotten_flesh":9,"minecraft:gunpowder":2,"minecraft:diamond_pickaxe":1,"minecraft:arrow":14,"minecraft:wooden_pickaxe":1}},"DataVersion":3953}