{"stats":{"minecraft:broken":{"minecraft:stone_axe":1,"minecraft:iron_axe":1,"minecraft:iron_pickaxe":1},"minecraft:mined":{"minecraft:attached_melon_stem":1,"minecraft:cobblestone_stairs":3,"minecraft:obsidian":14,"minecraft:granite":40,"minecraft:acacia_log":15,"minecraft:grass_block":271,"minecraft:nether_wart":10,"minecraft:spawner":2,"minecraft:weeping_vines_plant":1,"minecraft:raw_iron_block":10,"minecraft:glowstone":13,"minecraft:iron_ore":122,"minecraft:cobbled_deepslate":7,"minecraft:fire":14,"minecraft:deepslate_lapis_ore":9,"minecraft:dirt_path":15,"minecraft:oak_stairs":45,"minecraft:iron_block":4,"minecraft:deepslate_redstone_ore":12,"minecraft:brown_mushroom":2,"minecraft:red_bed":1,"minecraft:crimson_nylium":2,"minecraft:torch":3,"minecraft:blast_furnace":1,"minecraft:melon":2,"minecraft:nether_quartz_ore":3,"minecraft:cobblestone":94,"minecraft:sugar_cane":28,"minecraft:oak_planks":39,"minecraft:wall_torch":7,"minecraft:wheat":29,"minecraft:oak_log":53,"minecraft:dirt":929,"minecraft:smooth_basalt":6,"minecraft:netherrack":251,"minecraft:oak_leaves":1,"minecraft:deepslate":332,"minecraft:nether_gold_ore":24,"minecraft:tuff":121,"minecraft:mossy_cobblestone":11,"minecraft:deepslate_diamond_ore":45,"minecraft:oak_door":4,"minecraft:nether_bricks":8,"minecraft:crimson_roots":2,"minecraft:red_mushroom":1,"minecraft:crimson_stem":50,"minecraft:redstone_ore":4,"minecraft:furnace":6,"minecraft:andesite":24,"minecraft:gold_block":9,"minecraft:nether_brick_fence":13,"minecraft:bookshelf":9,"minecraft:deepslate_iron_ore":236,"minecraft:rail":38,"minecraft:stripped_oak_log":13,"minecraft:stone":657,"minecraft:bone_block":23,"minecraft:oak_slab":1,"minecraft:acacia_leaves":2,"minecraft:glass_pane":5,"minecraft:soul_sand":10,"minecraft:dandelion":2,"minecraft:crafting_table":7,"minecraft:short_grass":44,"minecraft:tall_grass":2,"minecraft:copper_ore":1,"minecraft:lapis_ore":6,"minecraft:deepslate_gold_ore":69,"minecraft:diorite":35,"minecraft:coal_ore":106,"minecraft:gravel":10,"minecraft:acacia_planks":8},"minecraft:killed_by":{"minecraft:zombie":1},"minecraft:custom":{"minecraft:interact_with_crafting_table":99,"minecraft:leave_game":2,"minecraft:time_since_death":72669,"minecraft:sprint_one_cm":414811,"minecraft:damage_blocked_by_shield":2364,"minecraft:drop":105,"minecraft:talked_to_villager":1,"minecraft:play_time":326521,"minecraft:deaths":3,"minecraft:jump":6008,"minecraft:enchant_item":2,"minecraft:walk_on_water_one_cm":60353,"minecraft:interact_with_furnace":154,"minecraft:sleep_in_bed":7,"minecraft:damage_dealt":18764,"minecraft:player_kills":1,"minecraft:crouch_one_cm":41298,"minecraft:interact_with_smithing_table":1,"minecraft:mob_kills":133,"minecraft:interact_with_anvil":3,"minecraft:climb_one_cm":120,"minecraft:walk_one_cm":611463,"minecraft:sneak_time":17474,"minecraft:walk_under_water_one_cm":31553,"minecraft:interact_with_blast_furnace":29,"minecraft:total_world_time":326521,"minecraft:time_since_rest":48741,"minecraft:damage_taken":4916,"minecraft:swim_one_cm":43233,"minecraft:fly_one_cm":750334,"minecraft:open_chest":100,"minecraft:fall_one_cm":169395},"minecraft:used":{"minecraft:chest":6,"minecraft:shield":85,"minecraft:rotten_flesh":19,"minecraft:iron_chestplate":2,"minecraft:tuff":8,"minecraft:obsidian":10,"minecraft:glass":49,"minecraft:lava_bucket":4,"minecraft:iron_helmet":2,"minecraft:furnace":12,"minecraft:gold_block":14,"minecraft:egg":6,"minecraft:diamond_boots":1,"minecraft:stone_pickaxe":84,"minecraft:oak_planks":6,"minecraft:wooden_pickaxe":13,"minecraft:diamond_axe":71,"minecraft:sugar_cane":38,"minecraft:blast_furnace":4,"minecraft:bread":6,"minecraft:melon_slice":9,"minecraft:andesite":5,"minecraft:enchanting_table":1,"minecraft:cooked_chicken":7,"minecraft:netherrack":206,"minecraft:oak_door":7,"minecraft:orange_bed":3,"minecraft:torch":104,"minecraft:dirt":63,"minecraft:granite":19,"minecraft:bookshelf":18,"minecraft:iron_block":28,"minecraft:iron_axe":331,"minecraft:iron_boots":1,"minecraft:crimson_planks":12,"minecraft:smooth_basalt":8,"minecraft:diamond_chestplate":1,"minecraft:beef":14,"minecraft:cooked_beef":23,"minecraft:acacia_planks":28,"minecraft:cobbled_deepslate":95,"minecraft:iron_leggings":1,"minecraft:crimson_stem":38,"minecraft:cooked_mutton":7,"minecraft:water_bucket":7,"minecraft:crafting_table":15,"minecraft:red_bed":4,"minecraft:diamond_pickaxe":1922,"minecraft:black_wool":2,"minecraft:diamond_shovel":1145,"minecraft:iron_pickaxe":413,"minecraft:stone_axe":95,"minecraft:cobblestone":134,"minecraft:cooked_porkchop":7,"minecraft:porkchop":1,"minecraft:bucket":16,"minecraft:diamond_leggings":1},"minecraft:dropped":{"minecraft:soul_sand":10,"minecraft:diamond_axe":1,"minecraft:cooked_beef":1,"minecraft:crafting_table":1,"minecraft:weeping_vines":2,"minecraft:dirt":19,"minecraft:crimson_roots":1,"minecraft:iron_pickaxe":1,"minecraft:white_wool":12,"minecraft:gold_ingot":95,"minecraft:bone":8,"minecraft:gravel":12,"minecraft:blackstone":13,"minecraft:sugar_cane":10,"minecraft:cobbled_deepslate":1,"minecraft:nether_brick":5,"minecraft:wheat":2,"minecraft:obsidian":2,"minecraft:rotten_flesh":9,"minecraft:diamond_shovel":2,"minecraft:nether_brick_fence":13,"minecraft:gunpowder":2,"minecraft:melon_seeds":1,"minecraft:arrow":15,"minecraft:crying_obsidian":1,"minecraft:quartz":26,"minecraft:netherrack":69,"minecraft:egg":1,"minecraft:crimson_planks":10,"minecraft:water_bucket":2,"minecraft:wheat_seeds":1,"minecraft:golden_horse_armor":2,"minecraft:iron_helmet":3,"minecraft:feather":5,"minecraft:cobblestone":403,"minecraft:granite":18,"minecraft:coal":70,"minecraft:diorite":15,"minecraft:fire_charge":1,"minecraft:iron_leggings":1,"minecraft:iron_axe":1,"minecraft:string":7,"minecraft:tuff":67,"minecraft:iron_boots":1,"minecraft:nether_bricks":12,"minecraft:iron_chestplate":1,"minecraft:diamond_pickaxe":2,"minecraft:golden_sword":1,"minecraft:wooden_pickaxe":1},"minecraft:crafted":{"minecraft:oak_planks":212,"minecraft:smooth_stone":14,"minecraft:cooked_chicken":7,"minecraft:stone":20,"minecraft:diamond_shovel":2,"minecraft:bookshelf":18,"minecraft:cooked_mutton":7,"minecraft:glass":18,"minecraft:diamond_helmet":1,"minecraft:diamond_leggings":1,"minecraft:iron_boots":1,"minecraft:chest":6,"minecraft:cooked_porkchop":10,"minecraft:diamond_axe":1,"minecraft:crafting_table":8,"minecraft:wooden_pickaxe":1,"minecraft:iron_helmet":2,"minecraft:gold_block":5,"minecraft:iron_chestplate":2,"minecraft:book":5,"minecraft:paper":15,"minecraft:diamond_pickaxe":2,"minecraft:shield":2,"minecraft:stick":52,"minecraft:stone_slab":12,"minecraft:iron_ingot":274,"minecraft:iron_pickaxe":2,"minecraft:iron_block":24,"minecraft:gold_ingot":50,"minecraft:oak_door":3,"minecraft:smooth_stone_slab":6,"minecraft:furnace":9,"minecraft:blast_furnace":3,"minecraft:iron_axe":3,"minecraft:stone_pickaxe":1,"minecraft:diamond_boots":1,"minecraft:cooked_beef":24,"minecraft:coal_block":2,"minecraft:crimson_planks":28,"minecraft:enchanting_table":1,"minecraft:bucket":1,"minecraft:stone_axe":1,"minecraft:bread":6,"minecraft:air":0,"minecraft:golden_apple":7,"minecraft:iron_leggings":1,"minecraft:acacia_planks":60,"minecraft:torch":96,"minecraft:diamond_chestplate":1},"minecraft:picked_up":{"minecraft:iron_chestplate":1,"minecraft:wheat":24,"minecraft:nether_brick_fence":29,"minecraft:oak_stairs":43,"minecraft:potion":3,"minecraft:nether_brick":5,"minecraft:crimson_planks":8,"minecraft:golden_sword":1,"minecraft:string":8,"minecraft:raw_copper":2,"minecraft:smooth_stone_slab":6,"minecraft:iron_leggings":3,"minecraft:gold_nugget":91,"minecraft:cobbled_deepslate":339,"minecraft:iron_pickaxe":2,"minecraft:melon_slice":9,"minecraft:furnace":8,"minecraft:iron_boots":3,"minecraft:stick":4,"minecraft:torch":19,"minecraft:acacia_log":15,"minecraft:porkchop":28,"minecraft:diorite":61,"minecraft:orange_bed":5,"minecraft:rotten_flesh":34,"minecraft:armadillo_scute":1,"minecraft:iron_block":4,"minecraft:blaze_rod":33,"minecraft:obsidian":20,"minecraft:cobblestone":1096,"minecraft:feather":29,"minecraft:cooked_beef":9,"minecraft:warped_fungus_on_a_stick":1,"minecraft:water_bucket":1,"minecraft:andesite":39,"minecraft:tuff":75,"minecraft:dirt":663,"minecraft:lapis_lazuli":141,"minecraft:bone":19,"minecraft:glass":49,"minecraft:acacia_planks":8,"minecraft:wheat_seeds":141,"minecraft:raw_gold":76,"minecraft:diamond_helmet":3,"minecraft:glowstone_dust":72,"minecraft:oak_planks":35,"minecraft:ghast_tear":1,"minecraft:mossy_cobblestone":11,"minecraft:diamond":57,"minecraft:granite":41,"minecraft:golden_horse_armor":2,"minecraft:oak_sapling":1,"minecraft:netherrack":571,"minecraft:crimson_roots":2,"minecraft:diamond_pickaxe":4,"minecraft:crafting_table":8,"minecraft:chicken":17,"minecraft:nether_wart":24,"minecraft:brown_mushroom":6,"minecraft:gold_block":9,"minecraft:shield":3,"minecraft:iron_axe":1,"minecraft:red_bed":5,"minecraft:flint_and_steel":1,"minecraft:blackstone":13,"minecraft:beef":28,"minecraft:lectern":2,"minecraft:sugar_cane":63,"minecraft:egg":11,"minecraft:raw_iron":358,"minecraft:oak_door":5,"minecraft:fire_charge":1,"minecraft:redstone":108,"minecraft:weeping_vines":2,"minecraft:arrow":15,"minecraft:diamond_chestplate":2,"minecraft:golden_hoe":3,"minecraft:nether_bricks":12,"minecraft:saddle":2,"minecraft:gold_ingot":119,"minecraft:mutton":25,"minecraft:white_wool":34,"minecraft:rail":76,"minecraft:bone_block":44,"minecraft:stripped_oak_log":13,"minecraft:glow_ink_sac":2,"minecraft:crimson_stem":74,"minecraft:leather":43,"minecraft:red_mushroom":2,"minecraft:oak_log":53,"minecraft:gunpowder":5,"minecraft:cobblestone_stairs":3,"minecraft:cooked_mutton":4,"minecraft:iron_ingot":80,"minecraft:stone_pickaxe":1,"minecraft:soul_sand":30,"minecraft:book":27,"minecraft:oak_slab":2,"minecraft:smooth_basalt":8,"minecraft:quartz":29,"minecraft:dandelion":3,"minecraft:raw_iron_block":20,"minecraft:gravel":34,"minecraft:lava_bucket":2,"minecraft:blast_furnace":4,"minecraft:crying_obsidian":1,"minecraft:spider_eye":6,"minecraft:diamond_shovel":4,"minecraft:iron_helmet":3,"minecraft:diamond_axe":2,"minecraft:black_wool":5,"minecraft:melon_seeds":3,"minecraft:coal":192,"minecraft:ender_pearl":9},"minecraft:killed":{"minecraft:cave_spider":3,"minecraft:zombified_piglin":5,"minecraft:spider":9,"minecraft:skeleton":10,"minecraft:chicken":17,"minecraft:pig":13,"minecraft:creeper":1,"minecraft:sheep":15,"minecraft:zombie":27,"minecraft:cow":13,"minecraft:blaze":15,"minecraft:armadillo":1,"minecraft:slime":1,"minecraft:wither_skeleton":2}},"DataVersion":3953}