{"stats":{"minecraft:crafted":{"minecraft:oak_door":3,"minecraft:smooth_stone":6,"minecraft:oak_planks":76,"minecraft:smooth_stone_slab":6,"minecraft:cooked_chicken":7,"minecraft:furnace":7,"minecraft:blast_furnace":1,"minecraft:stone":12,"minecraft:cooked_mutton":7,"minecraft:diamond_leggings":1,"minecraft:diamond_helmet":1,"minecraft:iron_boots":1,"minecraft:iron_axe":3,"minecraft:stone_pickaxe":1,"minecraft:chest":6,"minecraft:diamond_boots":1,"minecraft:cooked_beef":24,"minecraft:crimson_planks":28,"minecraft:diamond_axe":1,"minecraft:crafting_table":8,"minecraft:wooden_pickaxe":1,"minecraft:iron_helmet":2,"minecraft:bucket":1,"minecraft:stone_axe":1,"minecraft:bread":6,"minecraft:air":0,"minecraft:iron_chestplate":2,"minecraft:golden_apple":7,"minecraft:diamond_pickaxe":2,"minecraft:shield":2,"minecraft:stick":44,"minecraft:stone_slab":12,"minecraft:iron_ingot":62,"minecraft:iron_pickaxe":2,"minecraft:gold_ingot":50,"minecraft:iron_leggings":1,"minecraft:acacia_planks":60,"minecraft:torch":80,"minecraft:diamond_chestplate":1},"minecraft:picked_up":{"minecraft:crafting_table":8,"minecraft:iron_chestplate":1,"minecraft:wheat":22,"minecraft:nether_brick_fence":29,"minecraft:chicken":17,"minecraft:nether_wart":24,"minecraft:brown_mushroom":6,"minecraft:potion":3,"minecraft:nether_brick":5,"minecraft:crimson_planks":8,"minecraft:golden_sword":1,"minecraft:shield":3,"minecraft:smooth_stone_slab":6,"minecraft:raw_copper":2,"minecraft:flint_and_steel":1,"minecraft:string":8,"minecraft:red_bed":5,"minecraft:iron_axe":1,"minecraft:iron_leggings":3,"minecraft:blackstone":13,"minecraft:gold_nugget":91,"minecraft:cobbled_deepslate":114,"minecraft:beef":28,"minecraft:sugar_cane":27,"minecraft:iron_pickaxe":2,"minecraft:lectern":2,"minecraft:melon_slice":9,"minecraft:furnace":8,"minecraft:iron_boots":3,"minecraft:egg":11,"minecraft:raw_iron":351,"minecraft:stick":4,"minecraft:oak_door":4,"minecraft:torch":10,"minecraft:acacia_log":15,"minecraft:fire_charge":1,"minecraft:porkchop":28,"minecraft:diorite":53,"minecraft:redstone":57,"minecraft:orange_bed":5,"minecraft:diamond_chestplate":2,"minecraft:weeping_vines":2,"minecraft:arrow":12,"minecraft:rotten_flesh":34,"minecraft:golden_hoe":3,"minecraft:nether_bricks":12,"minecraft:armadillo_scute":1,"minecraft:saddle":2,"minecraft:gold_ingot":119,"minecraft:blaze_rod":33,"minecraft:obsidian":6,"minecraft:mutton":25,"minecraft:bone_block":44,"minecraft:rail":76,"minecraft:white_wool":34,"minecraft:cobblestone":1015,"minecraft:feather":29,"minecraft:cooked_beef":9,"minecraft:crimson_stem":74,"minecraft:warped_fungus_on_a_stick":1,"minecraft:glow_ink_sac":2,"minecraft:andesite":35,"minecraft:leather":43,"minecraft:red_mushroom":2,"minecraft:tuff":18,"minecraft:oak_log":27,"minecraft:gunpowder":5,"minecraft:lapis_lazuli":100,"minecraft:dirt":91,"minecraft:cooked_mutton":4,"minecraft:bone":15,"minecraft:acacia_planks":8,"minecraft:wheat_seeds":128,"minecraft:raw_gold":76,"minecraft:iron_ingot":80,"minecraft:stone_pickaxe":1,"minecraft:diamond_helmet":3,"minecraft:glowstone_dust":72,"minecraft:soul_sand":30,"minecraft:oak_planks":13,"minecraft:ghast_tear":1,"minecraft:smooth_basalt":8,"minecraft:quartz":29,"minecraft:raw_iron_block":20,"minecraft:lava_bucket":2,"minecraft:gravel":24,"minecraft:crying_obsidian":1,"minecraft:spider_eye":6,"minecraft:mossy_cobblestone":1,"minecraft:diamond":51,"minecraft:diamond_axe":2,"minecraft:iron_helmet":3,"minecraft:granite":41,"minecraft:golden_horse_armor":2,"minecraft:netherrack":571,"minecraft:melon_seeds":3,"minecraft:black_wool":5,"minecraft:coal":161,"minecraft:crimson_roots":2,"minecraft:ender_pearl":9,"minecraft:diamond_pickaxe":3},"minecraft:custom":{"minecraft:interact_with_smithing_table":1,"minecraft:mob_kills":129,"minecraft:interact_with_crafting_table":73,"minecraft:leave_game":1,"minecraft:time_since_death":13695,"minecraft:sprint_one_cm":351169,"minecraft:walk_one_cm":493842,"minecraft:damage_blocked_by_shield":2334,"minecraft:drop":95,"minecraft:play_time":267547,"minecraft:deaths":3,"minecraft:sneak_time":14179,"minecraft:walk_under_water_one_cm":28007,"minecraft:jump":5048,"minecraft:interact_with_blast_furnace":7,"minecraft:walk_on_water_one_cm":50274,"minecraft:total_world_time":267547,"minecraft:interact_with_furnace":107,"minecraft:sleep_in_bed":6,"minecraft:time_since_rest":3263,"minecraft:damage_taken":4505,"minecraft:damage_dealt":17834,"minecraft:swim_one_cm":41425,"minecraft:fly_one_cm":606443,"minecraft:open_chest":65,"minecraft:crouch_one_cm":35800,"minecraft:fall_one_cm":139524},"minecraft:broken":{"minecraft:iron_axe":1,"minecraft:stone_axe":1,"minecraft:iron_pickaxe":1},"minecraft:mined":{"minecraft:nether_gold_ore":24,"minecraft:tuff":62,"minecraft:attached_melon_stem":1,"minecraft:mossy_cobblestone":1,"minecraft:deepslate_diamond_ore":39,"minecraft:oak_door":4,"minecraft:nether_bricks":8,"minecraft:granite":40,"minecraft:acacia_log":15,"minecraft:grass_block":10,"minecraft:crimson_roots":2,"minecraft:red_mushroom":1,"minecraft:nether_wart":10,"minecraft:spawner":2,"minecraft:crimson_stem":50,"minecraft:weeping_vines_plant":1,"minecraft:raw_iron_block":10,"minecraft:redstone_ore":4,"minecraft:glowstone":13,"minecraft:furnace":6,"minecraft:fire":14,"minecraft:iron_ore":117,"minecraft:cobbled_deepslate":7,"minecraft:andesite":20,"minecraft:deepslate_lapis_ore":3,"minecraft:nether_brick_fence":13,"minecraft:dirt_path":1,"minecraft:deepslate_iron_ore":234,"minecraft:rail":38,"minecraft:stone":604,"minecraft:bone_block":23,"minecraft:acacia_leaves":2,"minecraft:brown_mushroom":2,"minecraft:red_bed":1,"minecraft:soul_sand":10,"minecraft:crimson_nylium":2,"minecraft:crafting_table":7,"minecraft:torch":3,"minecraft:short_grass":34,"minecraft:melon":2,"minecraft:copper_ore":1,"minecraft:nether_quartz_ore":3,"minecraft:cobblestone":66,"minecraft:tall_grass":2,"minecraft:deepslate_gold_ore":69,"minecraft:lapis_ore":6,"minecraft:sugar_cane":10,"minecraft:oak_planks":15,"minecraft:diorite":27,"minecraft:wall_torch":2,"minecraft:wheat":27,"minecraft:coal_ore":106,"minecraft:oak_log":27,"minecraft:dirt":50,"minecraft:smooth_basalt":6,"minecraft:acacia_planks":8,"minecraft:netherrack":251,"minecraft:deepslate":105},"minecraft:used":{"minecraft:chest":6,"minecraft:shield":84,"minecraft:netherrack":206,"minecraft:rotten_flesh":13,"minecraft:cooked_chicken":7,"minecraft:oak_door":7,"minecraft:iron_chestplate":2,"minecraft:orange_bed":3,"minecraft:torch":89,"minecraft:dirt":42,"minecraft:tuff":8,"minecraft:granite":19,"minecraft:lava_bucket":4,"minecraft:iron_axe":199,"minecraft:iron_helmet":2,"minecraft:iron_boots":1,"minecraft:crimson_planks":12,"minecraft:smooth_basalt":8,"minecraft:diamond_chestplate":1,"minecraft:beef":13,"minecraft:furnace":12,"minecraft:egg":6,"minecraft:cooked_beef":23,"minecraft:acacia_planks":28,"minecraft:cobbled_deepslate":93,"minecraft:iron_leggings":1,"minecraft:crimson_stem":38,"minecraft:cooked_mutton":7,"minecraft:diamond_boots":1,"minecraft:stone_pickaxe":84,"minecraft:oak_planks":3,"minecraft:wooden_pickaxe":13,"minecraft:sugar_cane":17,"minecraft:diamond_axe":71,"minecraft:blast_furnace":1,"minecraft:crafting_table":15,"minecraft:red_bed":4,"minecraft:diamond_pickaxe":1449,"minecraft:black_wool":2,"minecraft:melon_slice":9,"minecraft:bread":6,"minecraft:iron_pickaxe":413,"minecraft:stone_axe":95,"minecraft:cobblestone":118,"minecraft:porkchop":1,"minecraft:andesite":5,"minecraft:bucket":8,"minecraft:diamond_leggings":1},"minecraft:killed":{"minecraft:armadillo":1,"minecraft:cave_spider":3,"minecraft:zombified_piglin":5,"minecraft:spider":7,"minecraft:slime":1,"minecraft:skeleton":8,"minecraft:chicken":17,"minecraft:pig":13,"minecraft:creeper":1,"minecraft:sheep":15,"minecraft:zombie":27,"minecraft:wither_skeleton":2,"minecraft:blaze":15,"minecraft:cow":13},"minecraft:dropped":{"minecraft:crimson_planks":10,"minecraft:soul_sand":10,"minecraft:diamond_axe":1,"minecraft:cooked_beef":1,"minecraft:golden_horse_armor":2,"minecraft:crafting_table":1,"minecraft:feather":5,"minecraft:weeping_vines":2,"minecraft:iron_helmet":3,"minecraft:cobblestone":403,"minecraft:dirt":19,"minecraft:diorite":15,"minecraft:crimson_roots":1,"minecraft:iron_leggings":1,"minecraft:fire_charge":1,"minecraft:iron_axe":1,"minecraft:iron_pickaxe":1,"minecraft:string":7,"minecraft:white_wool":12,"minecraft:bone":8,"minecraft:gold_ingot":95,"minecraft:gravel":12,"minecraft:blackstone":13,"minecraft:sugar_cane":10,"minecraft:cobbled_deepslate":1,"minecraft:nether_brick":5,"minecraft:tuff":10,"minecraft:wheat":2,"minecraft:obsidian":2,"minecraft:rotten_flesh":9,"minecraft:iron_boots":1,"minecraft:nether_brick_fence":13,"minecraft:nether_bricks":12,"minecraft:gunpowder":2,"minecraft:iron_chestplate":1,"minecraft:diamond_pickaxe":1,"minecraft:melon_seeds":1,"minecraft:golden_sword":1,"minecraft:arrow":15,"minecraft:wooden_pickaxe":1,"minecraft:crying_obsidian":1,"minecraft:quartz":26,"minecraft:egg":1,"minecraft:netherrack":69},"minecraft:killed_by":{"minecraft:zombie":1}},"DataVersion":3953}