{"stats":{"minecraft:mined":{"minecraft:tuff":1,"minecraft:acacia_leaves":1,"minecraft:attached_melon_stem":1,"minecraft:oak_door":4,"minecraft:crafting_table":5,"minecraft:torch":3,"minecraft:granite":4,"minecraft:short_grass":10,"minecraft:acacia_log":10,"minecraft:grass_block":6,"minecraft:melon":2,"minecraft:tall_grass":2,"minecraft:cobblestone":8,"minecraft:deepslate_gold_ore":16,"minecraft:lapis_ore":2,"minecraft:oak_planks":2,"minecraft:diorite":15,"minecraft:wall_torch":2,"minecraft:redstone_ore":4,"minecraft:iron_ore":60,"minecraft:wheat":27,"minecraft:andesite":5,"minecraft:coal_ore":49,"minecraft:oak_log":6,"minecraft:dirt_path":1,"minecraft:deepslate_iron_ore":5,"minecraft:dirt":18,"minecraft:smooth_basalt":4,"minecraft:stone":138,"minecraft:deepslate":11},"minecraft:used":{"minecraft:stone_pickaxe":77,"minecraft:oak_planks":2,"minecraft:shield":4,"minecraft:wooden_pickaxe":13,"minecraft:rotten_flesh":2,"minecraft:iron_chestplate":1,"minecraft:oak_door":6,"minecraft:torch":87,"minecraft:dirt":4,"minecraft:crafting_table":9,"minecraft:tuff":1,"minecraft:granite":1,"minecraft:bread":6,"minecraft:melon_slice":9,"minecraft:iron_pickaxe":248,"minecraft:iron_helmet":1,"minecraft:iron_boots":1,"minecraft:smooth_basalt":1,"minecraft:stone_axe":51,"minecraft:cobblestone":80,"minecraft:furnace":4,"minecraft:andesite":3,"minecraft:cooked_beef":2,"minecraft:acacia_planks":11,"minecraft:cobbled_deepslate":8,"minecraft:iron_leggings":1},"minecraft:custom":{"minecraft:interact_with_furnace":22,"minecraft:mob_kills":19,"minecraft:interact_with_crafting_table":27,"minecraft:time_since_death":75226,"minecraft:time_since_rest":75226,"minecraft:sprint_one_cm":56029,"minecraft:damage_taken":687,"minecraft:walk_one_cm":80826,"minecraft:damage_blocked_by_shield":148,"minecraft:drop":1,"minecraft:damage_dealt":1614,"minecraft:swim_one_cm":40170,"minecraft:fly_one_cm":86815,"minecraft:open_chest":4,"minecraft:crouch_one_cm":4865,"minecraft:play_time":75226,"minecraft:sneak_time":2796,"minecraft:walk_under_water_one_cm":24547,"minecraft:jump":893,"minecraft:walk_on_water_one_cm":29797,"minecraft:total_world_time":75226,"minecraft:fall_one_cm":27653},"minecraft:dropped":{"minecraft:wooden_pickaxe":1},"minecraft:crafted":{"minecraft:cooked_beef":6,"minecraft:oak_door":3,"minecraft:oak_planks":24,"minecraft:crafting_table":4,"minecraft:wooden_pickaxe":1,"minecraft:iron_helmet":1,"minecraft:furnace":4,"minecraft:stone_axe":1,"minecraft:bread":6,"minecraft:air":0,"minecraft:iron_chestplate":1,"minecraft:iron_boots":1,"minecraft:shield":1,"minecraft:stick":28,"minecraft:iron_ingot":40,"minecraft:iron_pickaxe":1,"minecraft:stone_pickaxe":1,"minecraft:iron_leggings":1,"minecraft:acacia_planks":36,"minecraft:torch":80},"minecraft:picked_up":{"minecraft:crafting_table":5,"minecraft:wheat":20,"minecraft:feather":9,"minecraft:chicken":7,"minecraft:glow_ink_sac":1,"minecraft:andesite":5,"minecraft:leather":8,"minecraft:tuff":1,"minecraft:oak_log":6,"minecraft:lapis_lazuli":10,"minecraft:dirt":25,"minecraft:wheat_seeds":61,"minecraft:cobbled_deepslate":11,"minecraft:raw_gold":16,"minecraft:beef":14,"minecraft:melon_slice":9,"minecraft:oak_planks":2,"minecraft:egg":3,"minecraft:raw_iron":64,"minecraft:smooth_basalt":6,"minecraft:oak_door":4,"minecraft:torch":8,"minecraft:acacia_log":10,"minecraft:diorite":15,"minecraft:redstone":19,"minecraft:rotten_flesh":2,"minecraft:granite":4,"minecraft:melon_seeds":1,"minecraft:mutton":4,"minecraft:coal":47,"minecraft:white_wool":3,"minecraft:cobblestone":148},"minecraft:killed":{"minecraft:sheep":3,"minecraft:skeleton":1,"minecraft:zombie":1,"minecraft:chicken":7,"minecraft:cow":7}},"DataVersion":3953}