{"stats":{"minecraft:mined":{"minecraft:short_grass":2,"minecraft:acacia_log":7,"minecraft:oak_log":6,"minecraft:acacia_leaves":1},"minecraft:used":{"minecraft:acacia_planks":1},"minecraft:custom":{"minecraft:jump":82,"minecraft:open_chest":4,"minecraft:time_since_rest":3226,"minecraft:damage_taken":25,"minecraft:sprint_one_cm":10771,"minecraft:play_time":3226,"minecraft:time_since_death":3226,"minecraft:walk_one_cm":5157,"minecraft:sneak_time":3,"minecraft:total_world_time":3226,"minecraft:fall_one_cm":5062,"minecraft:fly_one_cm":25166},"minecraft:crafted":{"minecraft:acacia_planks":28},"minecraft:picked_up":{"minecraft:oak_log":6,"minecraft:acacia_log":7}},"DataVersion":3953}